state,account_length,area_code,phone_number,intl_plan,voice_mail_plan,number_vmail_messages,total_day_minutes,total_day_calls,total_day_charge,total_eve_minutes,total_eve_calls,total_eve_charge,total_night_minutes,total_night_calls,total_night_charge,total_intl_minutes,total_intl_calls,total_intl_charge,number_customer_service_calls
NJ,137,415,358-1921,no,no,0,243.4,114,41.38,121.2,110,10.3,162.6,104,7.32,12.2,5,3.29,0
RI,74,415,344-9403,no,no,0,187.7,127,31.91,163.4,148,13.89,196,94,8.82,9.1,5,2.46,0
MO,20,415,353-2630,no,no,0,190,109,32.3,258.2,84,21.95,181.5,102,8.17,6.3,6,1.7,0
NH,75,510,370-3359,no,no,0,226.1,105,38.44,201.5,107,17.13,246.2,98,11.08,10.3,5,2.78,1
GA,72,415,362-1407,no,yes,37,220,80,37.4,217.3,102,18.47,152.8,71,6.88,14.7,6,3.97,3
MD,135,408,383-6029,yes,yes,41,173.1,85,29.43,203.9,107,17.33,122.2,78,5.5,14.6,15,3.94,0
AR,34,510,353-7289,no,no,0,124.8,82,21.22,282.2,98,23.99,311.5,78,14.02,10,4,2.7,2
ID,160,415,390-7274,no,no,0,85.8,77,14.59,165.3,110,14.05,178.5,92,8.03,9.2,4,2.48,3
WI,64,510,352-1237,no,no,0,154,67,26.18,225.8,118,19.19,265.3,86,11.94,3.5,3,0.95,1
DE,142,408,364-1995,no,no,0,187,133,31.79,134.6,74,11.44,242.2,127,10.9,7.4,5,2,2
IN,60,408,420-5645,no,no,0,220.6,57,37.5,211.1,115,17.94,249,129,11.21,6.8,3,1.84,1
UT,96,415,404-3211,no,no,0,160.2,117,27.23,267.5,67,22.74,228.5,68,10.28,9.3,5,2.51,2
CO,141,415,340-5121,no,no,0,126.9,98,21.57,180,62,15.3,140.8,128,6.34,8,2,2.16,1
WI,68,415,403-9733,no,no,0,148.8,70,25.3,246.5,164,20.95,129.8,103,5.84,12.1,3,3.27,3
OK,125,408,355-7251,no,no,0,229.3,103,38.98,177.4,126,15.08,189.3,95,8.52,12,8,3.24,1
MN,74,510,344-5117,no,yes,33,193.7,91,32.93,246.1,96,20.92,138,92,6.21,14.6,3,3.94,2
UT,126,408,338-9472,no,no,0,211.6,70,35.97,216.9,80,18.44,153.5,60,6.91,7.8,1,2.11,1
NM,147,510,415-2935,no,no,0,248.6,83,42.26,148.9,85,12.66,172.5,109,7.76,8,4,2.16,3
KY,95,408,401-7594,no,no,0,135,99,22.95,183.6,106,15.61,245.3,102,11.04,12.5,9,3.38,1
AZ,95,408,334-2577,no,no,0,238.1,65,40.48,187.2,98,15.91,190,115,8.55,11.8,4,3.19,4
MI,36,510,400-3637,no,yes,29,281.4,102,47.84,202.2,76,17.19,187.2,113,8.42,9,6,2.43,2
NM,93,510,383-4361,no,yes,21,117.9,131,20.04,164.5,115,13.98,217,86,9.76,9.8,3,2.65,1
DE,125,408,359-9794,no,no,0,126.7,108,21.54,206,90,17.51,247.8,114,11.15,13.3,7,3.59,1
AZ,63,415,407-7035,no,no,0,58.9,125,10.01,169.6,59,14.42,211.4,88,9.51,9.4,3,2.54,1
ME,36,510,363-1069,yes,yes,42,196.8,89,33.46,254.9,122,21.67,138.3,126,6.22,20,6,5.4,0
MO,112,510,409-1244,no,yes,36,113.7,117,19.33,157.5,82,13.39,177.6,118,7.99,10,3,2.7,2
NV,130,510,408-4195,no,no,0,154.2,119,26.21,110.2,98,9.37,227.4,117,10.23,9.2,5,2.48,2
MS,162,415,335-4858,no,no,0,70.7,108,12.02,157.5,87,13.39,154.8,82,6.97,9.1,3,2.46,4
TX,92,408,409-5939,no,no,0,91.7,90,15.59,193.7,123,16.46,175,86,7.88,9.2,4,2.48,2
NE,131,408,331-4902,no,yes,36,214.2,115,36.41,161.7,117,13.74,264.7,102,11.91,9.5,4,2.57,3
CA,75,408,355-2909,no,no,0,166.3,125,28.27,158.2,86,13.45,256.7,80,11.55,6.1,5,1.65,1
AR,163,408,411-5859,no,no,0,197,109,33.49,202.6,128,17.22,206.4,80,9.29,9.1,10,2.46,1
AL,91,510,387-2919,yes,no,0,129.9,112,22.08,173.3,83,14.73,247.2,130,11.12,11.2,3,3.02,3
NV,113,415,422-6690,no,yes,23,205,101,34.85,152,60,12.92,158.6,59,7.14,10.2,5,2.75,2
DE,110,510,346-2359,no,no,0,148.5,115,25.25,276.4,84,23.49,193.6,112,8.71,12.4,3,3.35,1
MD,120,415,374-3534,no,yes,39,200.3,68,34.05,220.4,97,18.73,253.8,116,11.42,10.5,4,2.84,0
LA,151,408,401-3926,no,no,0,178.7,116,30.38,292.1,138,24.83,265.9,101,11.97,9.8,4,2.65,0
AZ,94,408,390-7434,no,yes,38,170.1,124,28.92,193.3,116,16.43,105.9,73,4.77,12.8,4,3.46,1
NE,94,415,377-1765,no,no,0,252.6,104,42.94,169,125,14.37,170.9,106,7.69,11.1,7,3,2
WV,94,510,355-5009,yes,yes,23,197.1,125,33.51,214.5,136,18.23,282.2,103,12.7,9.5,5,2.57,4
NY,67,408,405-2888,no,yes,36,115.6,111,19.65,237.7,94,20.2,169.9,103,7.65,9.9,12,2.67,2
VA,170,510,350-1639,yes,no,0,259.9,68,44.18,245,122,20.83,134.4,121,6.05,8.4,3,2.27,3
WA,51,408,338-6981,no,no,0,232.4,109,39.51,187.4,95,15.93,231.2,107,10.4,9.1,3,2.46,1
TX,130,415,359-5461,no,no,0,176.9,109,30.07,90.7,104,7.71,238,69,10.71,9.5,2,2.57,1
IN,122,415,344-3388,no,no,0,243.8,98,41.45,83.9,72,7.13,179.8,84,8.09,13.7,8,3.7,2
OR,38,415,375-8013,no,no,0,194.4,94,33.05,186.7,95,15.87,223.3,90,10.05,10.8,5,2.92,3
MD,106,510,408-4142,no,no,0,213.9,95,36.36,151.9,70,12.91,260.1,124,11.7,12.2,5,3.29,3
RI,99,510,386-3671,no,no,0,217.2,112,36.92,246.7,89,20.97,226.1,89,10.17,15.8,7,4.27,3
PA,82,415,333-5609,no,yes,24,155.2,131,26.38,244.5,106,20.78,122.4,68,5.51,10.7,3,2.89,1
MD,93,408,360-3324,yes,no,0,312,109,53.04,129.4,100,11,217.6,74,9.79,10.5,2,2.84,0
OK,100,415,352-4221,no,no,0,203.1,96,34.53,217,126,18.45,180.9,122,8.14,13.5,2,3.65,3
ID,92,415,359-6196,yes,no,0,173.1,140,29.43,240.3,105,20.43,233.2,117,10.49,9,5,2.43,1
NJ,138,510,400-5751,no,no,0,220.2,89,37.43,88.3,125,7.51,195.3,79,8.79,12.9,5,3.48,0
RI,107,415,385-8240,no,yes,37,60,102,10.2,102.2,80,8.69,261.8,106,11.78,11.1,3,3,0
NM,119,510,349-1687,no,yes,23,154,114,26.18,278,137,23.63,228.4,112,10.28,11.8,4,3.19,2
OR,33,415,380-2558,no,yes,29,157.4,99,26.76,117.9,80,10.02,279.2,79,12.56,13.9,11,3.75,4
DC,108,510,377-7177,no,no,0,138.6,122,23.56,172.3,117,14.65,231.6,92,10.42,9.8,3,2.65,1
IL,151,408,334-2730,no,no,0,134.5,88,22.87,143.1,112,12.16,223.9,61,10.08,15.4,1,4.16,1
OK,117,415,344-6495,no,no,0,134.7,121,22.9,180,83,15.3,200.9,104,9.04,7.7,3,2.08,1
MN,81,415,369-2625,no,no,0,198.4,93,33.73,210.9,108,17.93,193.3,71,8.7,10.4,6,2.81,2
AK,48,415,389-7073,no,yes,37,211.7,115,35.99,159.9,84,13.59,144.1,80,6.48,12.2,1,3.29,1
MI,137,510,355-9508,no,no,0,206.4,122,35.09,128,102,10.88,194.5,84,8.75,8.8,5,2.38,2
KS,137,408,352-8202,no,no,0,205.9,88,35,209.3,86,17.79,289.9,84,13.05,14.5,4,3.92,2
OK,89,510,352-6976,no,no,0,303.9,95,51.66,260.9,114,22.18,312.1,89,14.04,5.3,3,1.43,1
CT,96,415,387-5860,no,yes,37,172.7,93,29.36,120.1,116,10.21,216.1,86,9.72,10.3,5,2.78,5
WI,96,510,343-2605,no,yes,18,172.7,86,29.36,133.4,113,11.34,259.5,70,11.68,9.8,3,2.65,1
IN,122,408,336-3819,no,no,0,296.4,99,50.39,214.8,89,18.26,133.9,107,6.03,11.4,3,3.08,4
VA,16,510,368-2583,no,no,0,205.6,69,34.95,169.5,93,14.41,220.1,64,9.9,10.9,3,2.94,0
GA,103,415,381-9196,no,yes,28,121,105,20.57,270.4,100,22.98,160.5,76,7.22,7.7,4,2.08,2
ID,173,510,363-5819,no,yes,21,232.4,96,39.51,211.9,118,18.01,273,102,12.29,5,5,1.35,3
AL,121,408,331-8909,no,yes,35,68.7,95,11.68,209.2,69,17.78,197.4,42,8.88,11.4,4,3.08,1
AZ,158,510,362-2314,no,no,0,205.2,97,34.88,240.6,77,20.45,79.7,108,3.59,14.4,12,3.89,0
KY,151,408,396-8265,no,yes,17,214.7,97,36.5,138.5,90,11.77,169.1,44,7.61,8.6,4,2.32,1
SC,99,510,397-4304,no,no,0,169.2,70,28.76,271.5,77,23.08,170.2,104,7.66,10.6,2,2.86,0
WA,55,415,333-2611,no,no,0,194.1,121,33,176.6,110,15.01,302.8,136,13.63,7,7,1.89,2
AK,59,510,366-5241,no,no,0,182.5,104,31.03,204.7,95,17.4,229.9,100,10.35,11.3,8,3.05,4
AR,179,415,413-3412,yes,yes,38,220.1,78,37.42,234.3,71,19.92,237.3,85,10.68,10.1,4,2.73,4
AK,117,415,337-8078,no,no,0,181.5,95,30.86,205.1,88,17.43,204,82,9.18,14.7,9,3.97,2
ME,31,415,371-7917,no,no,0,166.1,105,28.24,79.3,93,6.74,213.7,98,9.62,12.7,2,3.43,1
CO,159,408,341-4463,yes,no,0,257.1,53,43.71,312.2,127,26.54,183,82,8.24,8.8,6,2.38,1
DE,148,415,351-2587,no,no,0,124.4,83,21.15,179.7,81,15.27,253,99,11.39,11.3,6,3.05,0
NM,56,408,385-5722,no,no,0,197,110,33.49,222.8,102,18.94,225.3,91,10.14,10.6,6,2.86,2
OK,97,415,348-7437,no,no,0,151.6,107,25.77,155.4,96,13.21,240,112,10.8,14.7,4,3.97,1
IN,117,415,355-6531,yes,yes,22,196,82,33.32,322.7,82,27.43,225.6,120,10.15,3.7,5,1,1
OH,84,408,336-9390,no,no,0,159.5,125,27.12,247.1,90,21,187.9,82,8.46,7.2,4,1.94,2
MA,35,415,401-3156,no,no,0,105.6,129,17.95,258.2,129,21.95,213.1,77,9.59,8.7,3,2.35,0
MD,98,415,338-6283,no,no,0,206.5,92,35.11,176.2,152,14.98,232.8,115,10.48,12.4,5,3.35,5
OR,94,415,328-6011,no,no,0,234.4,103,39.85,279.3,109,23.74,234.2,121,10.54,2,2,0.54,1
WI,92,415,421-9401,yes,no,0,264.3,91,44.93,160.9,115,13.68,198.6,73,8.94,9.3,5,2.51,0
OR,25,408,422-5874,no,no,0,178.8,90,30.4,141.2,72,12,203,99,9.14,8.4,5,2.27,2
MI,112,510,420-1383,no,no,0,243.4,77,41.38,182.1,97,15.48,259.2,94,11.66,12.8,2,3.46,1
PA,61,408,383-8848,no,yes,31,288.7,101,49.08,203.8,102,17.32,203.2,49,9.14,8.6,3,2.32,0
OH,100,510,385-8997,no,no,0,278,76,47.26,176.7,74,15.02,219.5,126,9.88,8.3,4,2.24,0
TX,70,510,390-5470,no,no,0,59.5,103,10.12,257.2,106,21.86,208.3,86,9.37,11.1,6,3,0
TX,88,510,414-4803,no,no,0,138.3,116,23.51,236,138,20.06,179.1,110,8.06,9.6,4,2.59,3
GA,75,415,333-7637,no,no,0,117.3,114,19.94,201.1,61,17.09,107.9,82,4.86,12.2,3,3.29,1
ID,79,510,341-1647,no,yes,21,264.3,79,44.93,202.8,118,17.24,173.4,92,7.8,6.3,3,1.7,4
DC,11,415,343-1323,no,yes,28,190.6,86,32.4,220.1,122,18.71,180.3,80,8.11,6,3,1.62,3
MD,112,415,336-5702,no,no,0,170.4,103,28.97,200.2,71,17.02,258.3,100,11.62,11.6,4,3.13,1
AL,41,510,369-6880,no,yes,34,194.4,63,33.05,254.9,110,21.67,160.2,115,7.21,17.2,9,4.64,2
NE,44,415,416-8697,no,no,0,240.3,146,40.85,164.6,83,13.99,240.7,106,10.83,10.6,2,2.86,1
WV,72,510,418-6651,no,yes,33,96.6,59,16.42,315.4,98,26.81,163.3,117,7.35,6.2,4,1.67,4
NV,124,408,396-3068,no,no,0,151.1,123,25.69,187.4,104,15.93,255.4,93,11.49,5.3,3,1.43,1
RI,129,415,366-7360,no,yes,33,119.6,104,20.33,278.7,88,23.69,263.4,175,11.85,5.9,2,1.59,2
MI,109,415,402-9691,yes,yes,26,217.2,138,36.92,145.5,111,12.37,280.7,76,12.63,9.3,3,2.51,0
OH,136,415,407-2248,no,yes,31,143.1,88,24.33,236.6,65,20.11,227.8,120,10.25,11.4,5,3.08,2
MO,92,415,405-3916,no,no,0,154,122,26.18,329.8,88,28.03,288,117,12.96,5.6,2,1.51,3
VT,193,408,415-4857,no,yes,17,124,102,21.08,202.9,81,17.25,205.1,129,9.23,12.3,3,3.32,1
MS,96,510,420-5990,no,no,0,98.2,100,16.69,307.2,88,26.11,182.5,120,8.21,7.6,1,2.05,2
MO,61,408,364-1969,no,no,0,45,108,7.65,151.3,74,12.86,152.9,94,6.88,9.8,6,2.65,2
OK,176,408,367-7039,no,no,0,47.4,125,8.06,167.8,90,14.26,163.1,107,7.34,10.5,8,2.84,2
MI,30,510,391-6607,no,no,0,227.4,88,38.66,182.5,100,15.51,191.7,134,8.63,12.5,3,3.38,0
NY,47,415,391-1348,no,yes,37,163.5,77,27.8,203.1,102,17.26,232,87,10.44,7.8,4,2.11,2
OR,165,415,343-3356,no,no,0,216.6,126,36.82,190.8,104,16.22,224.7,123,10.11,12.4,8,3.35,0
VT,95,510,378-3508,yes,yes,41,136.8,91,23.26,200.8,61,17.07,133.7,67,6.02,10.3,9,2.78,5
CT,31,415,390-9359,no,yes,31,100.1,54,17.02,246.3,97,20.94,255,131,11.48,5.9,3,1.59,0
NY,157,415,421-1189,no,no,0,224.5,111,38.17,200.7,99,17.06,116.6,118,5.25,11.5,2,3.11,2
DE,51,510,406-2454,no,no,0,181.5,108,30.86,196.9,87,16.74,187.2,119,8.42,10.3,2,2.78,1
CT,72,408,388-4879,no,yes,21,186.7,108,31.74,335,86,28.48,187.2,119,8.42,16.5,4,4.46,1
SD,104,510,420-9838,no,no,0,234.2,128,39.81,293.1,92,24.91,183.9,79,8.28,9.8,6,2.65,0
AR,110,408,373-6379,no,no,0,55.3,102,9.4,164.7,124,14,200.7,108,9.03,10.2,5,2.75,1
OK,101,408,345-1524,no,no,0,89.7,118,15.25,260.1,79,22.11,170.1,93,7.65,13.5,11,3.65,5
OK,92,510,411-8140,no,no,0,176.3,85,29.97,93.4,125,7.94,207.2,107,9.32,9.6,1,2.59,2
MA,62,415,386-2810,yes,no,0,159.7,86,27.15,197.5,76,16.79,121.6,105,5.47,13.9,6,3.75,0
RI,129,415,369-5222,no,no,0,139.5,119,23.72,289.3,105,24.59,129.4,97,5.82,13.1,8,3.54,0
NC,63,415,347-7420,no,yes,29,142.3,107,24.19,118.7,56,10.09,240.1,91,10.8,6.6,8,1.78,1
OR,151,510,339-1405,no,no,0,156.4,108,26.59,233.4,118,19.84,195.7,141,8.81,7.7,6,2.08,4
NV,105,415,380-7742,yes,yes,29,220.7,82,37.52,217.7,110,18.5,190.5,100,8.57,13.2,6,3.56,1
WA,166,408,416-5849,yes,yes,35,128.2,138,21.79,274.5,113,23.33,298.9,130,13.45,8.8,7,2.38,2
NJ,95,408,348-8015,yes,yes,37,220.2,109,37.43,185.3,99,15.75,205.1,82,9.23,4.1,2,1.11,0
GA,76,415,372-6497,no,no,0,299.5,125,50.92,226.7,92,19.27,210.7,134,9.48,13.7,4,3.7,0
CO,120,510,328-8147,no,yes,27,153.5,84,26.1,194,73,16.49,256.5,94,11.54,10.2,7,2.75,5
NC,64,408,333-9253,no,yes,19,180.1,106,30.62,127.5,92,10.84,237.4,118,10.68,7.5,3,2.03,0
WV,153,408,405-9384,no,yes,28,235.6,74,40.05,227.9,37,19.37,170.3,103,7.66,15.4,9,4.16,0
CT,105,408,357-2679,no,no,0,213.4,100,36.28,204.9,52,17.42,179.7,93,8.09,9.5,6,2.57,1
AR,54,415,396-2867,no,yes,39,206.9,143,35.17,127.8,72,10.86,199.2,120,8.96,9.2,1,2.48,3
AK,130,415,392-5587,no,no,0,242.5,101,41.23,102.8,114,8.74,142.4,89,6.41,9.3,2,2.51,2
VT,152,415,418-7846,no,no,0,197.1,126,33.51,130.1,76,11.06,78.1,100,3.51,7.4,4,2,3
LA,43,415,330-2849,no,no,0,241.9,101,41.12,129.4,121,11,264.8,104,11.92,5.9,3,1.59,1
NE,189,415,417-7888,no,yes,38,256.7,98,43.64,150.5,120,12.79,123,87,5.54,11.4,3,3.08,3
ND,123,408,383-8364,no,no,0,159.1,94,27.05,241.6,119,20.54,202.4,120,9.11,6.5,1,1.76,1
SC,108,510,393-7522,no,no,0,187.4,101,31.86,199.9,126,16.99,216.1,107,9.72,12.6,8,3.4,1
WA,63,408,404-9539,no,no,0,149.3,104,25.38,273.6,75,23.26,206.6,72,9.3,9.1,4,2.46,0
RI,94,415,348-9945,no,no,0,139.4,95,23.7,159.1,92,13.52,128.2,129,5.77,7.7,3,2.08,0
MO,161,510,369-8005,no,no,0,221.7,95,37.69,193,82,16.41,194.1,113,8.73,6.5,4,1.76,3
ID,83,415,345-5980,yes,yes,32,94.7,111,16.1,154.4,98,13.12,200.4,109,9.02,10.6,6,2.86,2
VA,158,415,396-2719,no,no,0,222.8,101,37.88,203,128,17.26,210.6,106,9.48,6.9,2,1.86,2
CT,100,415,360-9676,no,yes,38,177.1,88,30.11,163.7,108,13.91,242.7,72,10.92,7.4,2,2,0
MI,78,510,414-2695,no,no,0,137.4,109,23.36,237.6,49,20.2,206.7,136,9.3,14,11,3.78,3
OR,129,510,331-5999,no,yes,36,192.8,103,32.78,177,83,15.05,216.5,118,9.74,16.4,5,4.43,1
TN,57,510,337-7739,no,no,0,149.3,100,25.38,200.2,110,17.02,231.7,101,10.43,11.9,3,3.21,2
ME,151,415,352-8249,no,yes,26,196.5,98,33.41,175.8,111,14.94,221.8,124,9.98,13.4,5,3.62,0
DC,169,415,406-5870,yes,no,0,57.1,98,9.71,199.7,78,16.97,274.7,103,12.36,6.5,6,1.76,3
UT,67,510,414-9027,no,yes,20,230.6,40,39.2,189.1,58,16.07,162.2,115,7.3,9.4,2,2.54,1
FL,116,415,394-6577,no,yes,17,193.4,112,32.88,240.6,131,20.45,248.1,98,11.16,11.4,3,3.08,5
LA,158,408,359-6995,no,no,0,202,126,34.34,163.5,86,13.9,195.4,84,8.79,10.4,6,2.81,1
MI,120,415,390-8876,no,no,0,150.6,85,25.6,119,128,10.12,232.9,123,10.48,6.4,2,1.73,1
TX,90,415,399-4413,no,no,0,109.6,88,18.63,137.6,108,11.7,159.7,121,7.19,11,5,2.97,2
LA,108,510,380-7624,no,yes,30,276.6,99,47.02,220.1,113,18.71,177.9,95,8.01,9.8,6,2.65,2
NV,136,415,416-5261,no,yes,21,179.4,88,30.5,181.1,97,15.39,320.7,120,14.43,9.5,4,2.57,2
NC,128,510,417-5067,no,no,0,187.3,84,31.84,270.8,95,23.02,206.4,68,9.29,10.1,5,2.73,1
CA,113,415,370-2892,no,no,0,187.6,97,31.89,208.2,118,17.7,158.9,101,7.15,8.7,6,2.35,2
MN,179,415,418-9502,no,no,0,170.7,54,29.02,191.1,108,16.24,214.6,107,9.66,13.3,4,3.59,1
AL,61,415,399-4094,no,yes,20,254.4,133,43.25,161.7,96,13.74,251.4,91,11.31,10.5,4,2.84,0
LA,115,415,386-6306,no,yes,26,170.5,107,28.99,217.2,77,18.46,225.7,71,10.16,13.6,5,3.67,6
MO,107,415,344-9943,no,yes,22,281.1,83,47.79,143.7,130,12.21,239.4,128,10.77,11.2,9,3.02,1
AZ,92,415,416-9522,yes,yes,45,281.1,88,47.79,198,103,16.83,94.3,76,4.24,7.5,3,2.03,0
DE,92,415,386-1374,no,no,0,197,84,33.49,269.3,105,22.89,158.9,105,7.15,10.8,4,2.92,1
ME,108,510,402-9558,no,no,0,246.2,102,41.85,202.4,134,17.2,180.1,95,8.1,9.4,5,2.54,1
WV,137,408,330-3589,no,no,0,174.4,120,29.65,156.3,98,13.29,136.5,121,6.14,10.2,5,2.75,0
GA,56,415,417-1477,no,yes,30,127.1,89,21.61,172.1,116,14.63,194.6,111,8.76,12.1,3,3.27,1
OH,61,510,327-5525,yes,yes,16,143.5,76,24.4,242.6,58,20.62,147.7,95,6.65,11.3,3,3.05,0
NE,123,510,419-9104,no,no,0,194,118,32.98,242,114,20.57,146.3,108,6.58,12.1,4,3.27,1
NH,88,415,376-4856,no,no,0,202.2,86,34.37,216.8,93,18.43,239.4,99,10.77,11.8,2,3.19,2
GA,27,510,403-6850,no,no,0,72.7,75,12.36,208.6,117,17.73,65.8,71,2.96,9.9,3,2.67,1
WA,166,408,354-9492,no,no,0,274.3,110,46.63,52.9,109,4.5,246.1,119,11.07,10.9,5,2.94,0
RI,70,415,369-4962,no,no,0,134.7,96,22.9,235.9,90,20.05,260.2,113,11.71,7.6,6,2.05,3
WI,129,415,333-8954,no,yes,37,205,94,34.85,165.4,103,14.06,185,81,8.32,11.7,8,3.16,1
OH,123,408,420-9575,no,no,0,105,150,17.85,251.6,90,21.39,258,93,11.61,14.9,5,4.02,0
MA,98,510,366-3358,no,no,0,271.4,119,46.14,190.4,102,16.18,284.7,118,12.81,11.1,6,3,4
FL,129,415,355-4992,yes,no,0,267.4,78,45.46,204.2,85,17.36,111.7,146,5.03,5.9,4,1.59,1
WI,62,415,383-6373,no,no,0,281,66,47.77,160.6,108,13.65,77.9,74,3.51,0,0,0,1
DE,73,415,355-9541,no,no,0,254.8,85,43.32,143.4,80,12.19,153.9,102,6.93,15,7,4.05,2
DC,103,510,386-2317,no,yes,31,107.7,124,18.31,188.9,104,16.06,196.2,98,8.83,8.9,3,2.4,0
CO,104,415,377-2235,no,no,0,182.9,113,31.09,239.6,85,20.37,229.8,104,10.34,5.5,4,1.49,2
MN,103,415,386-9141,no,no,0,198.5,112,33.75,42.5,90,3.61,179.2,124,8.06,12.4,5,3.35,0
MO,167,415,397-8772,yes,no,0,244.8,91,41.62,60.8,105,5.17,176.7,110,7.95,10.7,3,2.89,2
ME,97,510,346-7656,no,no,0,120.8,96,20.54,169.8,101,14.43,194.1,63,8.73,11.9,3,3.21,4
WI,73,415,402-7626,no,no,0,214.2,90,36.41,196.8,78,16.73,157.9,112,7.11,5.9,8,1.59,0
WV,161,415,418-9036,no,no,0,191.9,113,32.62,70.9,87,6.03,204.8,107,9.22,13.4,4,3.62,4
UT,118,415,355-3602,no,yes,24,118.1,83,20.08,109.6,72,9.32,245.5,73,11.05,16.9,2,4.56,1
IA,45,510,332-2965,no,no,0,159.8,91,27.17,120.4,86,10.23,163,93,7.34,10.6,3,2.86,2
HI,72,415,410-3503,no,no,0,109.1,97,18.55,115.7,96,9.83,295.8,84,13.31,8.3,6,2.24,0
TX,125,415,365-3562,no,no,0,203.4,110,34.58,128.7,97,10.94,190.5,113,8.57,11,4,2.97,1
WV,77,510,355-4143,no,no,0,67.7,68,11.51,195.7,86,16.63,236.5,137,10.64,12,2,3.24,1
AL,200,408,408-2119,no,no,0,128.2,87,21.79,133.2,105,11.32,177.6,123,7.99,11.2,2,3.02,1
TX,130,415,396-8400,no,no,0,120.5,127,20.49,189.7,52,16.12,270.1,107,12.15,14.3,2,3.86,1
NC,122,415,366-7069,no,no,0,180,88,30.6,145,77,12.33,233.7,120,10.52,11.5,6,3.11,2
NY,9,408,353-1941,no,yes,31,193.8,130,32.95,202.6,98,17.22,191.2,102,8.6,13.3,2,3.59,1
SC,93,415,372-4835,no,no,0,190.2,68,32.33,262.2,64,22.29,130,92,5.85,8.8,4,2.38,0
LA,87,415,392-2887,no,no,0,228.7,90,38.88,163,99,13.86,154.1,90,6.93,11.8,3,3.19,1
NY,64,415,345-9140,yes,no,0,346.8,55,58.96,249.5,79,21.21,275.4,102,12.39,13.3,9,3.59,1
FL,159,415,340-5460,no,yes,15,113.9,102,19.36,145.3,146,12.35,195.2,137,8.78,11.8,9,3.19,1
KS,110,415,369-8024,yes,yes,27,267.9,103,45.54,263.3,74,22.38,178.1,106,8.01,8.3,2,2.24,1
MI,50,415,361-3779,no,yes,35,192.6,97,32.74,135.2,101,11.49,216.2,101,9.73,7.9,2,2.13,2
MS,116,415,417-9128,no,no,0,217.3,91,36.94,216.1,95,18.37,148.1,76,6.66,11.3,3,3.05,2
TN,140,415,372-3987,no,no,0,125.3,84,21.3,167.6,121,14.25,260.6,94,11.73,8.4,4,2.27,1
OK,52,510,412-9357,no,yes,38,169.3,88,28.78,225.9,97,19.2,172,86,7.74,8.2,3,2.21,0
NY,11,415,401-4650,no,no,0,143.4,130,24.38,289.4,50,24.6,194,100,8.73,9.7,6,2.62,2
GA,132,415,418-3426,no,no,0,176.7,132,30.04,244.1,80,20.75,176.3,120,7.93,9.1,4,2.46,2
DC,148,415,378-2940,no,yes,11,252.9,129,42.99,284.3,88,24.17,262.8,99,11.83,12.3,1,3.32,1
RI,87,510,421-7214,yes,no,0,134.2,80,22.81,165,71,14.03,173.1,102,7.79,10.7,5,2.89,0
CT,150,510,411-8549,no,no,0,189.3,77,32.18,220.9,105,18.78,238.7,117,10.74,9.2,5,2.48,4
IN,161,510,381-9234,no,yes,38,240.4,112,40.87,201.8,102,17.15,206.1,112,9.27,16.1,6,4.35,0
KS,124,415,371-6990,no,no,0,158.6,104,26.96,211.2,77,17.95,179.3,104,8.07,10.2,8,2.75,3
WV,86,415,332-2258,no,yes,38,123,158,20.91,133.9,119,11.38,138.2,103,6.22,13.3,4,3.59,1
GA,92,510,375-8304,no,no,0,208,125,35.36,198.9,76,16.91,76.4,97,3.44,8.6,6,2.32,0
ND,132,415,336-4281,no,yes,31,174.5,101,29.67,245.6,105,20.88,172.8,76,7.78,10.3,9,2.78,1
NH,110,408,358-1778,no,no,0,162,81,27.54,247.5,89,21.04,155.5,99,7,8.9,8,2.4,0
NC,64,408,387-7757,no,yes,19,291.1,150,49.49,226.7,123,19.27,219.1,67,9.86,7.5,2,2.03,1
SD,88,415,397-5381,no,no,0,215.6,115,36.65,216.2,85,18.38,171.3,65,7.71,11.8,1,3.19,3
SD,148,408,388-4571,no,no,0,185.2,87,31.48,170.4,96,14.48,165.1,104,7.43,9.5,13,2.57,1
ID,118,415,335-3320,no,no,0,140.4,112,23.87,187.1,60,15.9,207.9,155,9.36,7.9,1,2.13,0
IL,130,415,403-5279,no,no,0,155.9,95,26.5,256.1,97,21.77,262.9,103,11.83,11.7,3,3.16,3
MA,47,415,411-7353,no,no,0,155.3,116,26.4,188.2,85,16,247,73,11.12,12.3,4,3.32,3
OK,189,415,383-2537,no,no,0,208.3,106,35.41,236.7,123,20.12,179.1,120,8.06,11.3,5,3.05,3
NY,167,415,409-7494,no,no,0,166.4,85,28.29,243.2,135,20.67,229.2,95,10.31,9.9,5,2.67,1
VT,99,408,389-2747,no,yes,19,87.7,103,14.91,223,86,18.96,182.3,112,8.2,7.3,4,1.97,2
NV,64,408,350-7306,no,no,0,148.1,73,25.18,164.9,101,14.02,216,125,9.72,12.3,2,3.32,5
TN,105,408,353-8849,no,no,0,206.2,84,35.05,256.4,138,21.79,117.1,91,5.27,9,3,2.43,1
ID,144,415,402-3476,no,yes,33,251.6,87,42.77,197.6,118,16.8,209.2,97,9.41,12.2,3,3.29,2
LA,9,415,409-9885,no,yes,39,214.1,108,36.4,169.2,115,14.38,189.7,117,8.54,10.1,3,2.73,1
CO,157,415,388-7701,no,no,0,196,74,33.32,213.4,96,18.14,196.8,81,8.86,7.9,6,2.13,1
GA,132,415,368-5437,no,no,0,193.3,106,32.86,128.3,94,10.91,162.1,119,7.29,11.6,4,3.13,5
AL,16,408,403-9417,no,no,0,209.5,89,35.62,172.8,85,14.69,94.1,102,4.23,8.8,4,2.38,1
CA,60,415,330-8351,yes,no,0,183,110,31.11,206.7,93,17.57,203.8,119,9.17,11.1,6,3,1
KS,128,415,347-7773,no,no,0,103.3,122,17.56,245.9,123,20.9,161.1,95,7.25,6.4,7,1.73,0
TX,47,408,392-6841,no,yes,28,112.2,70,19.07,154.8,106,13.16,166.7,105,7.5,10.6,2,2.86,0
MN,40,510,354-2189,yes,no,0,170.7,55,29.02,179.1,108,15.22,281.9,89,12.69,8.2,9,2.21,3
NV,143,408,393-5284,no,no,0,155.5,101,26.44,213.4,89,18.14,237.9,61,10.71,7.6,11,2.05,1
CA,72,408,337-7377,no,yes,39,92.8,98,15.78,271.2,115,23.05,167.1,83,7.52,5.8,7,1.57,1
GA,90,415,390-3401,no,no,0,113.2,108,19.24,189.3,63,16.09,271.8,124,12.23,14.1,4,3.81,3
CO,101,408,420-9009,no,yes,23,262.2,101,44.57,157,80,13.35,129.1,100,5.81,7.3,14,1.97,1
SC,72,415,415-2641,no,no,0,207.8,92,35.33,195.7,110,16.63,184.8,124,8.32,13.1,4,3.54,0
MI,67,510,392-4929,no,yes,35,245.4,89,41.72,148.2,102,12.6,274,136,12.33,7.5,6,2.03,1
MD,172,408,346-5068,no,no,0,287.1,108,48.81,178.4,125,15.16,153.2,98,6.89,14.4,2,3.89,3
DC,123,415,406-8599,no,no,0,211,92,35.87,217,102,18.45,214.8,104,9.67,9.8,7,2.65,3
MD,88,415,358-4576,yes,no,0,235.1,98,39.97,251.8,79,21.4,285.9,76,12.87,7.2,2,1.94,4
DC,180,415,370-4139,no,yes,33,231.8,78,39.41,232.9,79,19.8,206.9,121,9.31,7.6,4,2.05,1
VT,100,415,382-6135,no,yes,25,215.9,90,36.7,257.9,92,21.92,180.2,157,8.11,11.6,4,3.13,1
NJ,153,415,419-6133,no,no,0,193.8,90,32.95,195.3,121,16.6,182.7,108,8.22,8.5,3,2.3,1
IA,92,510,350-7344,no,yes,25,134,112,22.78,206,111,17.51,180.6,118,8.13,9.7,4,2.62,0
NV,180,510,351-1382,no,no,0,139,96,23.63,224.9,64,19.12,170.8,118,7.69,15.7,5,4.24,2
MT,25,415,359-7694,no,no,0,134.3,98,22.83,202.3,109,17.2,195.9,100,8.82,12.6,5,3.4,2
ID,88,415,341-4570,no,yes,31,181.6,91,30.87,213.2,120,18.12,207.8,104,9.35,11.4,4,3.08,1
MT,116,415,384-5907,no,yes,35,182.8,122,31.08,212.7,119,18.08,193.8,103,8.72,11,2,2.97,1
NC,45,408,373-2903,no,yes,38,196.8,92,33.46,254.2,108,21.61,261.8,85,11.78,7.7,2,2.08,1
GA,58,510,328-5050,no,no,0,243.1,105,41.33,231.4,108,19.67,180.9,120,8.14,7.8,4,2.11,2
TX,87,415,420-7301,no,no,0,169.1,105,28.75,169.9,102,14.44,244.9,106,11.02,9.9,10,2.67,3
MN,62,510,390-9811,no,yes,33,186.4,84,31.69,201,136,17.09,286.7,103,12.9,11.1,3,3,2
TN,98,415,351-7016,no,no,0,162.8,65,27.68,185,109,15.73,219.5,104,9.88,6,3,1.62,2
NH,55,408,373-7690,no,yes,20,189.3,95,32.18,118.6,113,10.08,250.2,102,11.26,12.5,4,3.38,2
IN,86,415,365-5039,no,no,0,166.2,112,28.25,255.3,81,21.7,228.1,97,10.26,5.4,7,1.46,1
NJ,131,415,411-1810,no,no,0,211.8,115,36.01,260.5,102,22.14,144.2,96,6.49,10.8,7,2.92,0
AL,111,510,390-7863,no,no,0,176.4,62,29.99,201,124,17.09,150.4,138,6.77,11.2,2,3.02,0
KS,87,510,343-3961,no,no,0,115.4,90,19.62,262.6,68,22.32,245.7,69,11.06,13.1,5,3.54,2
IL,107,415,390-2755,no,yes,14,114.3,132,19.43,199.8,91,16.98,194.7,74,8.76,7.5,8,2.03,1
OH,149,408,340-5930,no,no,0,196.3,108,33.37,136.8,96,11.63,154.7,87,6.96,7.7,3,2.08,2
OR,129,408,382-1104,no,no,0,98,99,16.66,240.7,62,20.46,254.8,123,11.47,10.5,4,2.84,0
WV,67,415,393-4843,no,yes,30,129.6,107,22.03,233,104,19.81,297,93,13.37,14.5,5,3.92,1
OR,66,408,348-7409,no,no,0,87.6,76,14.89,262,111,22.27,184.6,125,8.31,9.2,5,2.48,1
GA,76,408,361-4910,no,no,0,203.6,61,34.61,161.7,127,13.74,175.9,97,7.92,8.4,3,2.27,0
ME,79,415,415-6578,no,no,0,213.6,110,36.31,234.9,121,19.97,229.6,157,10.33,8.8,3,2.38,2
AZ,141,510,369-6012,no,yes,22,215.4,123,36.62,328.7,98,27.94,160.5,89,7.22,7.8,6,2.11,1
UT,49,415,394-4520,no,no,0,266.3,90,45.27,207.8,117,17.66,205,98,9.23,14,2,3.78,2
WA,171,408,419-1863,no,no,0,270.5,69,45.99,230,112,19.55,136,111,6.12,9.6,5,2.59,1
LA,89,415,382-4024,no,no,0,141.1,92,23.99,249.1,126,21.17,136,73,6.12,10.8,2,2.92,2
TX,82,415,395-9215,no,no,0,189.2,81,32.16,184.4,117,15.67,255.8,83,11.51,10.6,5,2.86,3
WA,45,510,399-3083,no,no,0,78.6,106,13.36,187.3,110,15.92,184.2,111,8.29,7.4,5,2,1
WA,110,510,335-4414,no,no,0,185.1,100,31.47,165.1,88,14.03,111.6,104,5.02,6.3,4,1.7,3
NE,89,415,420-6414,no,yes,29,163.5,80,27.8,274.8,136,23.36,381.9,147,17.19,7.5,5,2.03,2
AR,103,415,337-9878,no,yes,31,185.4,105,31.52,197.6,126,16.8,147.1,110,6.62,14.5,4,3.92,2
DE,2,415,415-8448,yes,no,0,132.1,42,22.46,138.9,88,11.81,192.6,119,8.67,9.1,1,2.46,2
TN,17,510,382-5401,no,yes,31,153.1,115,26.03,185.9,59,15.8,224.3,102,10.09,10,1,2.7,6
TN,114,510,343-3846,no,no,0,172,145,29.24,276.4,101,23.49,193.7,100,8.72,10.1,9,2.73,1
OK,101,408,405-1780,no,no,0,209.6,107,35.63,228.8,96,19.45,172.4,85,7.76,7.6,2,2.05,3
MS,124,415,358-1922,no,no,0,251.5,85,42.76,214.2,98,18.21,186.1,71,8.37,11.1,6,3,3
HI,190,408,380-1096,no,no,0,150.9,86,25.65,268.6,129,22.83,179.9,73,8.1,14.7,1,3.97,1
AZ,97,408,386-3596,no,no,0,169.7,84,28.85,165.9,86,14.1,191.9,83,8.64,12.8,6,3.46,3
CT,115,415,339-1330,no,no,0,245,97,41.65,250.7,75,21.31,270.2,124,12.16,13.7,8,3.7,1
OH,65,415,405-3097,no,no,0,245.7,139,41.77,241.9,113,20.56,285.3,117,12.84,4.2,5,1.13,4
MO,36,415,336-1462,no,no,0,202.4,115,34.41,230.7,115,19.61,202,127,9.09,10.2,2,2.75,3
CT,141,408,367-3648,no,no,0,51.9,108,8.82,162,83,13.77,223.5,115,10.06,10.1,3,2.73,3
AZ,113,510,341-5892,no,no,0,81.3,116,13.82,220.6,124,18.75,235.7,113,10.61,8.9,3,2.4,0
OH,94,510,367-9495,no,no,0,194.1,62,33,227.2,54,19.31,190.4,115,8.57,15.3,4,4.13,1
NC,170,415,366-4444,no,no,0,246.4,107,41.89,228.1,124,19.39,166.4,95,7.49,9.1,8,2.46,0
AZ,104,408,420-3346,no,no,0,167.6,116,28.49,219.2,112,18.63,215.9,94,9.72,11.7,2,3.16,4
KY,126,510,375-1721,no,no,0,175.4,120,29.82,98.3,71,8.36,201.9,93,9.09,10.6,1,2.86,0
MS,73,415,412-2520,no,yes,31,82.3,105,13.99,256.1,91,21.77,229.6,98,10.33,11.8,2,3.19,6
SD,95,408,406-4840,no,yes,20,165.7,78,28.17,215.6,94,18.33,243.3,91,10.95,9.8,6,2.65,0
VA,182,415,391-7982,no,no,0,176.1,90,29.94,174.9,106,14.87,234.7,134,10.56,9.7,4,2.62,1
LA,99,510,379-9821,no,no,0,142.3,89,24.19,204.5,95,17.38,203.1,114,9.14,9.1,1,2.46,0
NV,27,510,398-7414,no,no,0,177.6,121,30.19,296.8,92,25.23,192.9,106,8.68,7.6,3,2.05,3
AK,141,408,338-8566,no,no,0,83.2,74,14.14,190.6,104,16.2,150.5,79,6.77,10.7,7,2.89,1
RI,176,415,401-7654,no,no,0,250.9,108,42.65,171.4,100,14.57,148.6,85,6.69,9.6,6,2.59,2
NJ,127,510,363-6695,no,no,0,239.8,107,40.77,128.9,121,10.96,249.9,110,11.25,11.3,5,3.05,1
IN,101,415,375-8761,no,yes,33,219.7,137,37.35,186.8,94,15.88,184.5,113,8.3,9.5,2,2.57,2
VA,95,415,366-7331,no,no,0,197,88,33.49,190.4,68,16.18,211.9,104,9.54,16.1,8,4.35,0
DE,67,415,413-7743,yes,yes,35,181.1,59,30.79,215.9,116,18.35,216.3,106,9.73,16.9,4,4.56,0
NV,107,510,419-9688,yes,no,0,234.1,91,39.8,163.1,105,13.86,282.5,100,12.71,10,3,2.7,1
AR,107,415,343-5219,yes,no,0,133.3,106,22.66,182.9,89,15.55,241.1,123,10.85,12.9,2,3.48,3
MT,138,415,401-5586,no,no,0,133.9,87,22.76,166.4,110,14.14,193.5,139,8.71,15.4,3,4.16,1
UT,116,415,345-5639,no,yes,44,230.6,94,39.2,224.1,103,19.05,244,76,10.98,11.1,2,3,0
GA,189,408,336-3488,no,no,0,227.4,84,38.66,176,81,14.96,206.1,120,9.27,6.3,4,1.7,2
IA,129,415,398-7978,no,no,0,216,85,36.72,186.9,114,15.89,210.7,109,9.48,4.9,10,1.32,2
NH,50,408,339-4636,no,no,0,154.7,102,26.3,298,108,25.33,210.2,95,9.46,11.1,3,3,0
MD,163,408,338-1840,no,no,0,223,120,37.91,227,98,19.3,188.3,125,8.47,8.8,5,2.38,1
ND,62,510,340-6339,no,no,0,159.9,100,27.18,172.2,99,14.64,263.2,109,11.84,5.6,4,1.51,1
OK,155,415,328-1206,no,yes,23,243.9,112,41.46,133,106,11.31,213.7,123,9.62,13.4,11,3.62,2
IA,81,510,377-1273,no,no,0,261.4,141,44.44,215.7,102,18.33,271.8,96,12.23,8,6,2.16,1
CA,103,415,402-6744,no,yes,18,149.9,84,25.48,170.9,84,14.53,171.5,112,7.72,11.5,7,3.11,0
WY,127,510,400-2181,yes,no,0,242.2,102,41.17,226.1,80,19.22,252,96,11.34,13.9,5,3.75,2
CO,86,415,405-1132,no,no,0,217.8,93,37.03,214.7,95,18.25,228.7,70,10.29,11.3,7,3.05,0
MN,52,415,376-4271,no,yes,32,130.1,68,22.12,247.2,77,21.01,289.4,87,13.02,13.5,5,3.65,2
CA,37,415,345-1243,no,no,0,191.1,69,32.49,129.2,113,10.98,207.5,117,9.34,12.9,1,3.48,0
WV,80,415,356-2093,no,yes,38,236.6,69,40.22,197.5,68,16.79,209.5,102,9.43,9.5,10,2.57,2
UT,91,415,380-9849,no,yes,34,175.3,96,29.8,262.3,122,22.3,143.9,76,6.48,5.6,11,1.51,1
MT,94,510,352-5815,no,no,0,163.5,136,27.8,143.7,111,12.21,253.4,82,11.4,12.6,5,3.4,1
CT,89,415,414-9119,no,no,0,82.3,77,13.99,167.2,80,14.21,194.7,70,8.76,7.2,4,1.94,1
NM,21,415,334-9182,no,yes,19,132.7,94,22.56,204.6,101,17.39,154.7,78,6.96,12.9,7,3.48,3
RI,104,408,382-3966,yes,no,0,160.4,73,27.27,293.9,103,24.98,306.6,90,13.8,12.6,5,3.4,4
NM,141,415,362-9411,no,no,0,160.1,87,27.22,256.7,120,21.82,270,107,12.15,7,1,1.89,2
AL,95,415,390-3565,no,no,0,194.6,114,33.08,232.8,106,19.79,173.4,92,7.8,3.8,2,1.03,3
NH,149,415,368-7706,no,no,0,119.2,88,20.26,168.3,110,14.31,204.7,119,9.21,12.2,6,3.29,4
SC,138,510,370-9533,no,yes,21,19.5,149,3.32,140.9,109,11.98,179.7,111,8.09,7.9,1,2.13,0
MO,72,415,385-2564,no,no,0,165.9,114,28.2,235.9,97,20.05,210.1,120,9.45,12,5,3.24,2
TN,68,415,397-1659,no,no,0,222.8,99,37.88,175.8,85,14.94,202,111,9.09,11,3,2.97,3
TN,99,408,418-6512,no,no,0,54.8,92,9.32,173,103,14.71,195.1,125,8.78,7.5,3,2.03,1
MN,173,510,372-7990,no,no,0,291.8,143,49.61,214.3,134,18.22,151.2,119,6.8,9.9,2,2.67,0
WI,84,510,378-9090,no,yes,12,89.7,87,15.25,138.6,73,11.78,165.8,114,7.46,10.7,2,2.89,1
SD,138,510,350-6473,no,no,0,127.1,102,21.61,247.7,106,21.05,207.7,75,9.35,5,3,1.35,3
ND,101,415,379-4583,no,yes,28,105.9,132,18,231.7,107,19.69,281.3,120,12.66,10.7,5,2.89,1
VT,95,510,395-6369,no,no,0,203.4,96,34.58,168.6,61,14.33,173,105,7.79,13.7,3,3.7,2
CT,163,408,398-8122,no,yes,40,231.9,56,39.42,211.8,91,18,268.5,74,12.08,12.3,3,3.32,2
VT,99,415,380-8727,no,no,0,115.5,75,19.64,218.1,111,18.54,254.9,98,11.47,11.5,7,3.11,7
DE,96,415,345-3734,no,yes,26,175.8,96,29.89,206.6,84,17.56,178,105,8.01,11.1,2,3,2
FL,144,510,384-5004,no,no,0,278.5,95,47.35,240.7,90,20.46,120,90,5.4,11.6,5,3.13,1
AZ,100,415,333-2337,no,no,0,188.5,152,32.05,148.3,115,12.61,179.8,88,8.09,15.2,5,4.1,2
HI,104,408,353-6482,no,no,0,170.6,97,29,162.1,111,13.78,210.7,131,9.48,6.1,1,1.65,1
VA,113,415,401-9909,no,yes,23,149,104,25.33,235.8,67,20.04,201.8,76,9.08,9.5,5,2.57,4
TX,70,415,341-8719,no,no,0,232.8,95,39.58,303.4,111,25.79,255.6,104,11.5,12.9,7,3.48,0
WA,130,510,406-7726,no,no,0,124.3,70,21.13,270.7,99,23.01,239.5,83,10.78,3.5,6,0.95,0
ND,35,415,361-4137,no,no,0,260.8,87,44.34,258.1,78,21.94,131.3,123,5.91,5.8,2,1.57,1
MN,68,510,370-1525,no,no,0,226.7,94,38.54,168.4,129,14.31,188.7,117,8.49,10.2,1,2.75,0
WV,124,415,358-5274,no,no,0,157.4,107,26.76,167.8,112,14.26,188.8,102,8.5,8.8,3,2.38,3
VT,63,415,351-5576,no,no,0,142.5,92,24.23,208.3,102,17.71,228.9,120,10.3,7.5,2,2.03,2
CT,77,415,335-6508,no,no,0,245.2,87,41.68,254.1,83,21.6,239.4,91,10.77,7.5,4,2.03,0
NM,111,415,348-6720,no,no,0,132.6,125,22.54,221.1,67,18.79,127.9,101,5.76,12.7,2,3.43,4
PA,88,510,396-1648,no,no,0,218.2,76,37.09,169.3,60,14.39,141.1,99,6.35,8,1,2.16,1
IL,85,415,391-2022,no,yes,29,144.6,97,24.58,140,102,11.9,165.4,148,7.44,10.9,3,2.94,1
KY,125,408,328-3402,no,no,0,191.6,115,32.57,205.6,108,17.48,210.2,123,9.46,9.2,3,2.48,2
TX,79,415,330-8142,no,no,0,144,90,24.48,135.8,91,11.54,212.4,129,9.56,13,4,3.51,1
WV,92,415,361-1404,no,yes,47,141.6,95,24.07,207.9,130,17.67,203.6,95,9.16,10.2,11,2.75,0
MI,59,415,375-9671,no,no,0,204.3,65,34.73,247.3,123,21.02,214.7,94,9.66,12,4,3.24,1
NJ,147,415,379-7009,no,yes,36,254.2,78,43.21,228.1,105,19.39,98,125,4.41,13.8,7,3.73,5
CT,125,415,409-7523,yes,no,0,187.3,118,31.84,160.7,111,13.66,263.8,112,11.87,9.6,2,2.59,0
KY,124,415,341-3349,no,no,0,194,103,32.98,241,116,20.49,227.5,153,10.24,11.9,5,3.21,0
CO,156,408,377-4518,yes,no,0,277,119,47.09,238.3,106,20.26,94.4,96,4.25,8.3,3,2.24,1
KY,89,408,341-1594,no,no,0,192.1,83,32.66,163.6,88,13.91,169.7,138,7.64,6.1,3,1.65,0
OH,123,408,396-6247,no,yes,39,270.4,99,45.97,245.1,110,20.83,108.9,113,4.9,15.4,7,4.16,1
OH,127,408,396-9462,no,no,0,139.6,94,23.73,240.9,112,20.48,127.1,88,5.72,8.8,4,2.38,2
IL,70,408,382-6827,no,no,0,208.7,97,35.48,275.5,83,23.42,182.5,122,8.21,8,3,2.16,2
DC,141,415,333-9511,no,yes,37,185.4,87,31.52,178.5,128,15.17,218.3,107,9.82,8,3,2.16,4
NV,105,408,415-1203,no,no,0,166.1,93,28.24,175.9,106,14.95,243.5,55,10.96,16.2,3,4.37,2
WI,67,510,417-2265,no,no,0,109.1,134,18.55,142.3,76,12.1,91.2,86,4.1,10.9,5,2.94,2
TN,94,408,368-3117,yes,no,0,170.1,113,28.92,271.8,94,23.1,110.7,78,4.98,8.7,4,2.35,1
TX,119,510,361-2349,no,no,0,81.9,75,13.92,253.8,114,21.57,213.1,125,9.59,8.9,1,2.4,2
WV,67,510,373-8895,no,no,0,152.5,131,25.93,252.4,107,21.45,185.4,104,8.34,4.9,3,1.32,2
SD,27,408,378-4557,no,no,0,236.7,110,40.24,231.9,92,19.71,164.7,85,7.41,12.7,6,3.43,1
OK,105,510,405-4109,yes,yes,28,156.1,89,26.54,107.1,114,9.1,167.7,95,7.55,14.7,3,3.97,0
KY,131,415,400-4020,no,no,0,166.5,129,28.31,210.2,107,17.87,257.2,93,11.57,9.9,5,2.67,1
OH,86,415,356-3448,no,yes,29,225.4,79,38.32,187.1,112,15.9,281.1,112,12.65,12.9,3,3.48,1
WV,172,415,357-3709,no,no,0,211.7,100,35.99,198.7,101,16.89,301.7,136,13.58,6.5,9,1.76,1
NJ,72,415,422-9964,no,no,0,175.5,103,29.84,132.3,120,11.25,242.9,96,10.93,11.8,3,3.19,1
NM,113,510,366-9211,no,no,0,150.1,120,25.52,200.1,85,17.01,266.7,105,12,11,3,2.97,2
NM,67,415,404-7518,no,no,0,215.5,102,36.64,190.7,95,16.21,214.5,106,9.65,8.6,6,2.32,1
GA,71,415,391-7166,no,no,0,258.4,132,43.93,126.8,119,10.78,182.4,87,8.21,9.7,8,2.62,4
ME,39,408,366-5640,no,no,0,154.1,104,26.2,204.2,112,17.36,196.2,92,8.83,9.8,4,2.65,2
PA,119,408,377-5043,no,no,0,260.1,101,44.22,256.5,68,21.8,229.1,89,10.31,10,2,2.7,1
IN,100,415,364-2166,no,yes,33,218.7,104,37.18,155,144,13.18,99,117,4.46,12.1,4,3.27,1
OR,155,408,414-4741,no,yes,30,128.5,86,21.85,188.4,91,16.01,254.4,85,11.45,6.8,6,1.84,1
NE,139,415,375-9930,no,no,0,211.1,103,35.89,206.9,108,17.59,193.9,70,8.73,5.6,4,1.51,0
DE,63,408,363-8755,no,no,0,117.1,118,19.91,249.6,90,21.22,162.2,84,7.3,11.1,4,3,3
NM,94,415,388-8891,no,no,0,108,79,18.36,241.9,152,20.56,252.1,92,11.34,10.4,3,2.81,3
SD,125,415,404-9754,no,no,0,163.8,73,27.85,255.6,85,21.73,192.9,95,8.68,15.7,4,4.24,0
AZ,59,408,385-9657,no,no,0,150.2,70,25.53,185.7,98,15.78,212.5,128,9.56,12.1,2,3.27,1
MT,124,415,420-5652,no,yes,30,144.5,35,24.57,262.3,101,22.3,226.5,82,10.19,12,7,3.24,2
AR,85,415,380-3974,no,no,0,96.7,97,16.44,193.8,95,16.47,171.7,88,7.73,9.7,3,2.62,2
NY,156,408,337-6851,no,no,0,174.3,95,29.63,186.6,128,15.86,258.2,105,11.62,12.9,5,3.48,3
OK,86,415,395-3852,no,yes,33,253.1,112,43.03,210.1,94,17.86,95,98,4.27,11.9,4,3.21,3
ID,86,415,355-1019,no,no,0,194.2,98,33.01,193.8,95,16.47,192,123,8.64,9.3,7,2.51,3
SD,87,510,363-3818,no,no,0,184.5,81,31.37,172,103,14.62,183.4,96,8.25,13.7,3,3.7,3
RI,80,510,332-8764,no,no,0,202.4,118,34.41,260.2,67,22.12,177.4,112,7.98,9.2,5,2.48,3
DE,115,408,352-5542,no,no,0,127.7,67,21.71,182.9,90,15.55,172.9,92,7.78,10.6,7,2.86,1
OK,154,415,374-8329,yes,no,0,145.9,69,24.8,208.2,141,17.7,180.9,106,8.14,14.4,10,3.89,0
IL,55,415,398-5970,yes,no,0,269.6,121,45.83,171.7,91,14.59,219,98,9.86,8.2,6,2.21,1
LA,82,415,353-5557,no,no,0,197.7,101,33.61,127.6,83,10.85,142.1,103,6.39,13.5,3,3.65,1
NY,9,415,398-8588,no,yes,16,88.5,87,15.05,178.8,108,15.2,228.7,96,10.29,11.5,3,3.11,2
KS,94,408,379-7215,no,no,0,269.2,104,45.76,193.8,144,16.47,257.6,61,11.59,8.9,2,2.4,3
DC,93,408,406-5023,no,no,0,164.5,95,27.97,230.9,87,19.63,149.9,91,6.75,9.9,3,2.67,4
IN,140,415,413-3990,no,no,0,160.5,114,27.29,240.5,103,20.44,233.5,121,10.51,11.3,4,3.05,1
MN,145,408,412-8769,no,no,0,241.7,137,41.09,135.8,100,11.54,277.6,123,12.49,13.1,3,3.54,0
CT,33,510,411-6211,no,no,0,182.5,65,31.03,232.1,96,19.73,149.2,82,6.71,7.5,2,2.03,2
CO,65,510,407-5056,no,no,0,158.8,53,27,188.5,132,16.02,189.3,87,8.52,9.8,4,2.65,2
TN,105,510,366-2622,no,no,0,119.3,82,20.28,185.1,111,15.73,157,74,7.07,10.9,4,2.94,2
NY,40,408,416-7591,no,no,0,242.5,82,41.23,232.9,97,19.8,154,86,6.93,9.6,7,2.59,0
CT,102,415,421-6694,no,yes,25,137.4,100,23.36,176.7,83,15.02,188.2,93,8.47,10.2,6,2.75,2
MS,69,510,342-8320,no,yes,27,268.8,78,45.7,246.6,89,20.96,271.9,102,12.24,16.4,3,4.43,0
RI,127,415,400-1280,no,yes,27,140.1,59,23.82,223.4,111,18.99,257.9,73,11.61,3.8,10,1.03,1
GA,202,510,351-2589,no,no,0,115.4,137,19.62,178.7,70,15.19,185.7,113,8.36,6,3,1.62,3
AL,100,415,377-5258,no,no,0,160.3,138,27.25,221.3,92,18.81,150.4,120,6.77,11.2,2,3.02,0
WV,43,415,348-5767,no,no,0,199.9,108,33.98,288.4,80,24.51,180.6,103,8.13,11.3,7,3.05,1
NM,105,415,362-7870,no,no,0,193.7,108,32.93,183.2,124,15.57,293.7,72,13.22,10.8,5,2.92,1
SC,212,415,336-8343,no,no,0,226,127,38.42,304.6,83,25.89,181.2,132,8.15,12.6,4,3.4,2
HI,155,415,346-8362,yes,yes,26,211.7,121,35.99,139.2,123,11.83,146.7,89,6.6,11.1,3,3,1
FL,166,510,367-1681,yes,no,0,47.7,89,8.11,264.4,95,22.47,235.2,97,10.58,13.2,3,3.56,0
KS,119,415,384-4595,no,no,0,231.5,82,39.36,266.9,97,22.69,211,118,9.49,7.4,10,2,1
NC,115,510,329-9667,yes,no,0,251.3,69,42.72,252.5,96,21.46,118.3,112,5.32,9.9,1,2.67,3
MO,160,415,347-5063,no,no,0,171.2,103,29.1,243.5,121,20.7,178.2,92,8.02,13,3,3.51,2
AL,132,408,350-9318,no,no,0,222.4,85,37.81,165.4,76,14.06,208.4,97,9.38,11.2,4,3.02,0
OK,180,415,402-7372,no,no,0,143.5,121,24.4,189.3,111,16.09,174.9,82,7.87,8.8,5,2.38,3
OH,109,415,363-4967,no,no,0,193.6,58,32.91,148.7,115,12.64,282.5,105,12.71,13.1,1,3.54,2
NM,54,415,416-9162,no,yes,24,92.3,88,15.69,193.1,98,16.41,99.3,119,4.47,11.6,3,3.13,2
ID,92,415,405-4606,no,yes,31,172.3,116,29.29,266.2,91,22.63,228.2,90,10.27,11.8,5,3.19,1
UT,91,510,370-3032,no,no,0,123.8,107,21.05,319,125,27.12,237.6,78,10.69,7.3,4,1.97,2
OH,132,415,375-5414,no,yes,10,182.9,54,31.09,292.4,68,24.85,142.3,116,6.4,11.5,4,3.11,0
NY,116,510,346-4984,no,no,0,89.5,128,15.22,180.8,137,15.37,193.1,94,8.69,14,3,3.78,2
PA,97,510,365-7774,yes,no,0,145,103,24.65,294.3,93,25.02,239.8,120,10.79,11,2,2.97,4
MS,43,510,358-3691,no,no,0,159.5,99,27.12,119.7,149,10.17,173.9,126,7.83,6.8,3,1.84,2
IN,110,415,364-9059,no,no,0,151.8,106,25.81,138,126,11.73,233.5,112,10.51,11.2,8,3.02,3
UT,71,415,367-3220,no,no,0,278.9,110,47.41,190.2,67,16.17,255.2,84,11.48,11.7,7,3.16,0
CT,112,415,418-5708,no,yes,27,213,121,36.21,226.2,101,19.23,189.8,99,8.54,11.1,3,3,4
AR,58,415,389-6082,no,no,0,238.9,107,40.61,187.2,88,15.91,181.1,84,8.15,11.8,3,3.19,2
FL,120,415,336-3738,no,no,0,184.5,103,31.37,209,86,17.77,169.7,70,7.64,10.2,6,2.75,2
MA,120,415,413-5306,no,no,0,137.3,100,23.34,212.2,129,18.04,152.7,92,6.87,10.5,2,2.84,1
RI,117,408,370-5042,no,yes,13,207.6,65,35.29,152.7,77,12.98,232.8,95,10.48,9.7,3,2.62,1
NV,88,415,364-3286,no,no,0,166.7,61,28.34,179.3,88,15.24,242.7,131,10.92,6.8,7,1.84,4
NE,61,408,420-8897,no,no,0,267.1,104,45.41,180.4,131,15.33,230.6,106,10.38,17.3,4,4.67,1
WA,56,415,335-5806,no,yes,29,37.7,115,6.41,144.1,111,12.25,226.6,101,10.2,4.9,3,1.32,1
WI,70,415,379-9859,no,no,0,156.4,108,26.59,171,116,14.54,196.1,96,8.82,8.6,4,2.32,2
KS,148,510,415-4051,no,no,0,239.3,84,40.68,195.7,85,16.63,232.6,104,10.47,10.9,3,2.94,1
RI,65,415,368-5612,no,yes,29,215.5,129,36.64,161.9,77,13.76,128.3,91,5.77,8.8,5,2.38,2
VT,75,510,377-8267,no,no,0,209.4,133,35.6,211.5,121,17.98,291.2,123,13.1,7.2,4,1.94,1
MD,166,415,381-1328,no,no,0,136.1,116,23.14,181.4,93,15.42,131.4,108,5.91,11.3,4,3.05,0
IN,88,415,408-4870,yes,yes,25,288.5,114,49.05,203.4,74,17.29,228.4,117,10.28,13,5,3.51,1
UT,32,510,370-9563,no,yes,26,243.5,137,41.4,236.8,108,20.13,173.3,149,7.8,9,9,2.43,1
MS,29,510,401-6982,no,no,0,313.2,103,53.24,216.3,151,18.39,218.4,106,9.83,12.8,4,3.46,2
WV,74,510,392-6073,no,no,0,124,102,21.08,262.1,101,22.28,268.2,98,12.07,11.7,2,3.16,2
GA,74,510,340-8245,no,yes,31,249.4,70,42.4,209.5,59,17.81,180.6,75,8.13,9.9,2,2.67,4
TN,68,415,356-1582,no,no,0,178.7,61,30.38,252.3,84,21.45,255.7,76,11.51,8.4,4,2.27,1
OR,80,415,375-4900,no,no,0,113.2,86,19.24,185.5,97,15.77,237.3,145,10.68,9.5,5,2.57,1
NE,34,415,361-6814,no,no,0,193.7,74,32.93,126.9,84,10.79,221.2,166,9.95,8.8,4,2.38,0
OR,69,408,375-9180,no,no,0,196.1,87,33.34,236.8,66,20.13,182.3,75,8.2,11.9,1,3.21,0
OR,190,415,386-8984,no,no,0,142.9,96,24.29,177.9,96,15.12,113.3,117,5.1,6.6,4,1.78,0
TX,86,510,400-7987,no,no,0,92.8,92,15.78,159.6,87,13.57,148.7,115,6.69,8.8,5,2.38,1
WA,141,415,401-7575,no,no,0,151.5,104,25.76,242.2,114,20.59,304.2,109,13.69,10.8,2,2.92,1
VA,43,408,387-5411,no,yes,35,200.2,105,34.03,244.4,88,20.77,207.2,97,9.32,11.6,4,3.13,3
CT,135,415,389-6037,yes,no,0,186,107,31.62,66,94,5.61,213.1,105,9.59,12.9,4,3.48,1
WV,106,510,347-9738,no,no,0,194.8,133,33.12,213.4,73,18.14,190.8,92,8.59,11.5,7,3.11,0
LA,124,510,348-4316,no,no,0,143.3,120,24.36,230.7,111,19.61,214.3,91,9.64,7.8,2,2.11,4
IN,46,415,368-9751,no,yes,34,191.4,102,32.54,361.8,96,30.75,147.5,132,6.64,7.2,2,1.94,1
NM,16,510,367-9259,no,no,0,144.8,84,24.62,164.9,141,14.02,231.5,75,10.42,8.2,4,2.21,2
ID,101,510,406-4768,no,yes,17,193.9,71,32.96,189.8,81,16.13,196.3,97,8.83,12.6,7,3.4,0
TN,120,408,410-7611,yes,no,0,179.9,72,30.58,170,98,14.45,190.6,89,8.58,13.8,2,3.73,1
VT,116,415,408-4911,no,no,0,129.4,84,22,157.3,89,13.37,215.5,77,9.7,13.3,3,3.59,0
WY,90,415,359-9992,no,no,0,246.4,83,41.89,160.3,88,13.63,170.9,99,7.69,7.6,7,2.05,1
ND,101,415,364-5510,no,yes,36,123.7,125,21.03,172.6,106,14.67,280.5,127,12.62,8.8,4,2.38,1
WV,64,415,357-2748,no,yes,22,200.4,80,34.07,131.1,84,11.14,230.7,67,10.38,7.6,5,2.05,1
SC,161,510,343-2592,no,no,0,297.9,141,50.64,238.1,107,20.24,240.5,93,10.82,8.9,5,2.4,1
WV,21,415,332-5582,no,no,0,91.9,109,15.62,198.4,111,16.86,171.7,125,7.73,13,7,3.51,2
TX,139,510,388-2240,yes,yes,31,203.5,82,34.6,200.3,72,17.03,214,112,9.63,13.4,6,3.62,1
MT,97,415,416-7013,no,yes,15,117.6,97,19.99,196.3,126,16.69,157.4,113,7.08,6.4,3,1.73,1
KY,55,415,345-4551,no,yes,28,105.3,82,17.9,197.4,109,16.78,187.5,91,8.44,8.6,6,2.32,2
WV,75,415,405-9864,no,no,0,111.7,121,18.99,237.3,119,20.17,253.5,110,11.41,13.1,6,3.54,1
SD,183,415,372-2990,no,yes,31,171.2,104,29.1,193.6,74,16.46,196.5,85,8.84,10.2,4,2.75,1
PA,75,510,353-9998,no,no,0,109,88,18.53,259.3,120,22.04,182.1,119,8.19,13.3,3,3.59,4
KY,80,415,330-3008,no,no,0,220,114,37.4,207.7,76,17.65,168.4,137,7.58,12.1,3,3.27,2
TX,121,415,408-9572,no,yes,31,263.1,70,44.73,279.3,118,23.74,127.1,143,5.72,9.7,4,2.62,5
ID,119,415,327-4795,no,no,0,230.4,117,39.17,225,101,19.13,198.5,111,8.93,7.6,6,2.05,3
HI,105,415,383-6489,no,no,0,211.1,99,35.89,176.7,66,15.02,221.5,96,9.97,14.7,7,3.97,4
WV,152,510,332-6139,yes,yes,41,146.8,128,24.96,285.6,96,24.28,213.6,80,9.61,4.3,2,1.16,1
MS,189,415,411-6501,no,no,0,227.8,124,38.73,169.5,112,14.41,201.1,91,9.05,5.6,4,1.51,3
NV,89,415,352-7915,no,no,0,134.9,59,22.93,156,152,13.26,197.5,112,8.89,10.2,5,2.75,1
CA,120,415,375-5547,no,no,0,252.1,110,42.86,226.1,103,19.22,155.6,83,7,13.8,3,3.73,1
NM,90,415,347-6164,no,no,0,167.5,96,28.48,139.1,104,11.82,138.4,87,6.23,13,1,3.51,1
VT,138,415,354-4352,no,no,0,230.1,107,39.12,212,120,18.02,174.9,119,7.87,13.2,4,3.56,1
MA,127,510,336-1880,no,yes,19,129.7,115,22.05,160.8,101,13.67,265,63,11.93,12.2,3,3.29,2
TN,106,415,367-2436,no,no,0,119.2,142,20.26,228.4,139,19.41,197.9,61,8.91,8.4,9,2.27,2
CO,81,408,372-9091,no,no,0,115.3,99,19.6,224.7,117,19.1,152.5,98,6.86,18,2,4.86,1
CT,119,408,344-5181,no,no,0,294.2,100,50.01,232.5,53,19.76,195,64,8.78,9,1,2.43,0
OR,138,415,384-7236,yes,yes,28,211.2,117,35.9,312.5,98,26.56,178,118,8.01,10.7,2,2.89,3
FL,90,415,353-5257,no,yes,24,71.2,82,12.1,181.6,103,15.44,186.9,111,8.41,12.9,1,3.48,1
PA,141,510,414-6739,no,no,0,146.5,121,24.91,169.9,125,14.44,238.8,112,10.75,8.2,5,2.21,0
MA,90,408,406-1730,no,no,0,157.9,72,26.84,234,93,19.89,210,86,9.45,12.2,5,3.29,2
VT,72,415,336-9327,no,no,0,139.9,117,23.78,223.6,96,19.01,240.8,93,10.84,12.7,4,3.43,2
MT,49,408,353-8970,no,no,0,236.6,91,40.22,220.9,146,18.78,146.8,114,6.61,8.9,2,2.4,1
CO,107,415,404-4421,no,no,0,167.3,100,28.44,163.9,79,13.93,185.9,100,8.37,6.7,5,1.81,2
NC,190,408,409-3353,no,no,0,182.2,101,30.97,212.3,95,18.05,233,123,10.49,9.3,4,2.51,2
WA,118,510,422-2571,no,no,0,113,80,19.21,150.1,87,12.76,204.3,115,9.19,10.8,4,2.92,2
AR,94,408,333-2964,no,no,0,136.2,114,23.15,165.1,118,14.03,137.9,71,6.21,9.6,5,2.59,0
MN,61,415,409-8802,no,no,0,197.3,67,33.54,264.5,106,22.48,210.5,116,9.47,9,6,2.43,1
KS,110,510,354-2434,no,no,0,208,69,35.36,95.1,94,8.08,178.5,129,8.03,8,11,2.16,1
MS,131,415,333-9002,no,no,0,131.6,95,22.37,179.3,109,15.24,251.2,129,11.3,15.5,3,4.19,1
ME,57,415,369-8576,no,yes,33,193.4,105,32.88,231.6,79,19.69,226.2,90,10.18,11.1,11,3,2
DC,66,415,410-1190,no,no,0,146.4,107,24.89,196.5,99,16.7,230.1,106,10.35,7.8,2,2.11,1
OK,116,510,393-3976,no,no,0,205,90,34.85,140.9,114,11.98,272.6,96,12.27,7.5,4,2.03,2
NJ,96,510,368-6111,no,no,0,150,122,25.5,218.5,116,18.57,212.4,89,9.56,9.8,1,2.65,3
ME,105,510,352-5750,no,no,0,212,113,36.04,226.6,128,19.26,193.6,114,8.71,8.9,7,2.4,3
MI,53,510,417-3702,no,yes,37,167.3,99,28.44,194.7,99,16.55,236.7,112,10.65,12,9,3.24,2
DC,73,408,355-5922,no,no,0,122,92,20.74,138.3,114,11.76,224.2,128,10.09,5.8,5,1.57,1
AR,145,415,332-5820,no,no,0,224.2,89,38.11,314.9,121,26.77,182.9,121,8.23,16.1,3,4.35,1
IL,91,415,373-4483,no,no,0,189.3,100,32.18,239.3,107,20.34,89.7,89,4.04,9.9,3,2.67,3
MI,48,415,407-2718,no,no,0,240,88,40.8,141,117,11.99,128.9,137,5.8,7.1,9,1.92,1
TN,115,415,374-6525,no,no,0,206.2,113,35.05,176.4,102,14.99,297.1,119,13.37,11,7,2.97,1
MI,105,415,376-5213,no,no,0,226.9,106,38.57,182.2,77,15.49,203.9,107,9.18,11.6,2,3.13,0
AK,86,408,389-4602,no,no,0,150.8,85,25.64,295.9,88,25.15,247.2,104,11.12,12.5,1,3.38,1
RI,63,415,371-1187,no,no,0,180.5,126,30.69,230,98,19.55,232.5,73,10.46,10.6,3,2.86,0
NC,76,510,421-8141,no,no,0,165.7,94,28.17,257.4,80,21.88,170.8,114,7.69,10,4,2.7,1
SD,104,408,406-2678,no,no,0,200.2,92,34.03,118.7,87,10.09,236.6,65,10.65,6,6,1.62,2
MT,109,510,415-9649,no,no,0,154.8,82,26.32,287.7,109,24.45,208.4,80,9.38,5.9,9,1.59,3
KS,91,408,382-8079,yes,no,0,246.4,110,41.89,182,98,15.47,157.6,106,7.09,12.1,2,3.27,2
VA,172,510,408-2089,no,no,0,169.8,123,28.87,183.1,94,15.56,395,72,17.77,12.7,7,3.43,2
NM,188,415,369-6890,yes,yes,26,198.8,115,33.8,166.6,67,14.16,198.5,118,8.93,14.4,3,3.89,1
RI,103,510,420-6324,yes,no,0,255.9,128,43.5,140.9,92,11.98,308.9,130,13.9,12.1,2,3.27,1
OR,60,415,366-9430,no,no,0,207.8,109,35.33,123.5,112,10.5,291.6,115,13.12,5.7,9,1.54,0
UT,138,510,353-7407,no,no,0,205.9,96,35,257.1,94,21.85,209,63,9.4,12.1,8,3.27,0
DC,55,510,354-5058,yes,no,0,106.1,77,18.04,123.5,100,10.5,96.4,92,4.34,12.9,3,3.48,0
CT,77,415,342-5701,no,no,0,221.8,84,37.71,166,125,14.11,210.2,72,9.46,13.2,4,3.56,1
MN,125,415,390-9735,yes,yes,29,260.8,81,44.34,163.7,112,13.91,271.7,117,12.23,17,6,4.59,1
RI,36,415,366-8382,no,no,0,235.1,97,39.97,196.8,104,16.73,259.7,110,11.69,7,7,1.89,3
MN,125,415,343-2689,no,no,0,240.7,82,40.92,269.4,85,22.9,187.1,74,8.42,10.1,3,2.73,0
WI,72,408,383-9448,no,no,0,179.9,113,30.58,149.8,112,12.73,168.2,79,7.57,9.8,7,2.65,2
MI,74,415,359-6232,no,no,0,314.1,86,53.4,222.4,99,18.9,259,121,11.66,12.3,5,3.32,3
MA,145,415,381-7003,no,no,0,175.8,89,29.89,274.3,119,23.32,226.6,69,10.2,12.4,4,3.35,1
HI,101,415,400-5511,no,no,0,253.2,89,43.04,237.9,114,20.22,154.3,85,6.94,9.7,7,2.62,4
RI,46,408,404-9775,no,no,0,40.4,105,6.87,172.4,83,14.65,145.1,89,6.53,9,2,2.43,2
DC,144,415,336-7696,no,no,0,133.3,101,22.66,255.5,127,21.72,228.6,68,10.29,11.6,2,3.13,0
MD,189,415,411-1325,no,yes,30,155.2,116,26.38,195.5,50,16.62,170.1,108,7.65,15.4,6,4.16,1
IL,142,415,334-2800,no,yes,38,163.3,104,27.76,136,114,11.56,249.1,127,11.21,4.3,6,1.16,0
HI,101,415,390-5316,no,yes,24,114.1,95,19.4,161.5,86,13.73,176.3,90,7.93,13,9,3.51,2
NC,117,510,376-5471,no,no,0,214.4,94,36.45,138,149,11.73,148.7,102,6.69,9.9,1,2.67,2
PA,92,415,409-2917,yes,no,0,255.8,125,43.49,142.7,111,12.13,181.2,101,8.15,11.7,3,3.16,0
MI,86,408,369-6308,no,no,0,148.2,71,25.19,285.1,91,24.23,166.4,155,7.49,6.2,3,1.67,2
NM,158,408,377-2725,no,no,0,172.4,114,29.31,256.6,69,21.81,235.3,104,10.59,0,0,0,2
OK,127,510,403-1128,no,yes,27,2.6,113,0.44,254,102,21.59,242.7,156,10.92,9.2,5,2.48,3
AL,88,415,352-5393,no,no,0,181.9,90,30.92,151.5,87,12.88,143,100,6.44,7.5,3,2.03,1
HI,171,510,361-9195,no,no,0,189.8,122,32.27,173.7,85,14.76,257.1,84,11.57,10.3,1,2.78,0
PA,61,408,343-1347,no,yes,40,105,78,17.85,180.6,100,15.35,174.1,115,7.83,10.2,2,2.75,2
MD,147,408,376-4292,no,no,0,274,92,46.58,231.8,82,19.7,283.6,83,12.76,6.2,1,1.67,0
IN,96,415,383-4641,no,yes,23,183.1,88,31.13,147.4,89,12.53,350.2,108,15.76,11.3,7,3.05,1
KS,123,415,378-2432,no,no,0,140,106,23.8,153.7,101,13.06,50.1,87,2.25,12.5,1,3.38,2
TN,88,415,332-3617,no,no,0,181.5,116,30.86,187,119,15.9,220.3,96,9.91,10.5,7,2.84,1
KY,106,510,379-2523,no,yes,9,88.5,100,15.05,324.8,109,27.61,79.9,86,3.6,8.2,4,2.21,3
IN,130,408,360-9005,no,yes,30,185,117,31.45,249.5,141,21.21,157.8,103,7.1,7.4,7,2,0
IN,108,415,358-2046,no,no,0,201.1,101,34.19,170.7,86,14.51,237.4,113,10.68,11.6,3,3.13,3
MS,78,415,358-5721,no,no,0,87.7,74,14.91,214.8,58,18.26,201.3,147,9.06,10.8,6,2.92,1
MN,134,415,414-7446,no,no,0,244.1,99,41.5,246.9,111,20.99,200,133,9,7.2,2,1.94,0
MS,59,408,415-9553,no,yes,27,127.4,110,21.66,103.3,99,8.78,164.2,73,7.39,9.1,3,2.46,0
VA,107,510,330-2662,no,yes,27,283.4,104,48.18,224.1,152,19.05,241.3,63,10.86,14.4,7,3.89,2
HI,24,415,329-8788,no,no,0,235.6,132,40.05,115.9,129,9.85,185.4,136,8.34,16.2,2,4.37,0
HI,3,408,355-2872,no,no,0,139,99,23.63,250.7,108,21.31,286.2,87,12.88,6.1,3,1.65,4
MS,38,415,386-2970,no,no,0,117.3,114,19.94,208.7,105,17.74,203.4,98,9.15,14.4,2,3.89,2
LA,27,408,348-7556,no,no,0,82.6,105,14.04,204,99,17.34,224.2,122,10.09,9.1,4,2.46,1
MA,13,408,411-4293,no,no,0,220.4,100,37.47,211.2,79,17.95,259.3,112,11.67,13.6,8,3.67,2
SD,114,415,386-3823,no,yes,25,129,77,21.93,290,110,24.65,177.1,110,7.97,11.6,5,3.13,1
CO,156,408,364-6445,no,no,0,150.5,106,25.59,152.9,112,13,215.9,86,9.72,3.5,3,0.95,1
NH,146,510,345-2319,no,no,0,115.6,77,19.65,213.6,100,18.16,218.4,72,9.83,10.7,6,2.89,1
IL,74,510,398-5954,no,yes,27,154.1,122,26.2,195.3,150,16.6,276.7,86,12.45,13.2,2,3.56,4
TX,130,408,385-6175,no,no,0,252,101,42.84,170.2,105,14.47,209.2,64,9.41,5.7,5,1.54,0
OR,81,415,406-4100,no,no,0,324.7,48,55.2,236.4,82,20.09,187.6,78,8.44,13.1,5,3.54,0
AL,89,510,347-2016,no,no,0,129.2,71,21.96,214.1,68,18.2,214.9,100,9.67,10.3,4,2.78,5
MS,123,415,388-8948,yes,no,0,125.5,106,21.34,128.9,96,10.96,251.9,129,11.34,6.3,6,1.7,4
WV,87,415,332-3693,no,no,0,124.3,91,21.13,173.4,105,14.74,256.3,109,11.53,7.5,5,2.03,3
NM,96,415,395-9214,no,yes,33,183.3,115,31.16,201.4,87,17.12,177.4,84,7.98,10.4,15,2.81,3
NM,178,415,398-1332,no,yes,35,175.4,88,29.82,190,65,16.15,138.7,94,6.24,10.5,3,2.84,2
NJ,108,415,333-1012,no,yes,41,171.6,110,29.17,136.1,78,11.57,183.4,103,8.25,10.8,7,2.92,0
AL,19,415,380-3910,yes,no,0,237.7,98,40.41,207.1,121,17.6,182.2,95,8.2,4.5,4,1.22,0
MD,125,415,405-1821,no,no,0,224.9,102,38.23,143.8,87,12.22,198.9,105,8.95,8,2,2.16,0
WV,133,510,333-8996,no,no,0,176.8,92,30.06,187.5,97,15.94,196.8,88,8.86,6.5,3,1.76,2
KS,107,415,354-6942,no,no,0,260.5,108,44.29,102.4,110,8.7,129.7,148,5.84,9.8,5,2.65,1
TN,148,415,419-5501,no,yes,36,77.6,141,13.19,207,60,17.6,255.7,115,11.51,10.9,2,2.94,1
DE,103,415,346-5053,no,yes,34,138.8,80,23.6,142,108,12.07,183.8,77,8.27,11.8,7,3.19,1
SD,55,415,390-3761,no,no,0,245.5,130,41.74,192.7,54,16.38,141.7,83,6.38,9.1,4,2.46,1
MS,78,408,361-7283,no,no,0,108.6,108,18.46,209.9,126,17.84,222.6,117,10.02,7.9,5,2.13,1
UT,44,415,387-2014,no,no,0,202.6,89,34.44,163,96,13.86,268.1,151,12.06,8.3,3,2.24,0
NE,80,415,356-7239,no,no,0,127.8,67,21.73,181.6,112,15.44,197.3,63,8.88,15.9,2,4.29,2
KS,68,415,363-3486,no,no,0,207.6,68,35.29,251.6,123,21.39,191.6,100,8.62,10.9,6,2.94,2
NE,31,415,338-9044,no,no,0,97.5,129,16.58,260.4,78,22.13,88.7,100,3.99,7,5,1.89,1
WY,123,415,387-1116,no,no,0,242.2,87,41.17,226.1,101,19.22,268.6,121,12.09,8.2,3,2.21,5
GA,136,415,400-7509,no,no,0,163.4,83,27.78,249.3,119,21.19,249.7,90,11.24,9.8,4,2.65,7
ID,113,415,336-9053,no,yes,30,183.8,102,31.25,183.4,123,15.59,235,52,10.58,11.6,7,3.13,0
MI,148,415,385-1118,yes,no,0,233.5,81,39.7,187.7,71,15.95,122.3,97,5.5,9.6,2,2.59,0
MT,132,408,406-8465,no,no,0,195.1,100,33.17,148.8,95,12.65,224.5,117,10.1,6.7,2,1.81,0
OH,87,510,350-5993,no,no,0,153.3,106,26.06,224.5,117,19.08,273.4,152,12.3,8.9,5,2.4,2
HI,150,415,370-1465,no,no,0,214,117,36.38,192.4,89,16.35,242.6,99,10.92,7.9,4,2.13,1
KS,73,408,385-2370,no,no,0,194.8,112,33.12,167.2,85,14.21,100.3,61,4.51,10.8,6,2.92,1
KY,76,415,407-8575,no,no,0,204,69,34.68,225.1,110,19.13,240.3,85,10.81,9.6,5,2.59,1
MD,204,510,401-3077,no,no,0,205.2,145,34.88,154.8,95,13.16,191.4,77,8.61,14.1,5,3.81,3
OH,32,415,401-6977,no,yes,31,232.8,97,39.58,183.5,111,15.6,206.8,111,9.31,13,2,3.51,0
CO,103,415,420-7066,no,yes,37,153.5,78,26.1,241.9,108,20.56,244.7,110,11.01,10.6,3,2.86,1
TX,169,408,379-5885,no,no,0,266.7,105,45.34,158.2,88,13.45,287.7,111,12.95,13.8,3,3.73,3
NH,123,415,396-4869,no,yes,22,197.6,105,33.59,80,86,6.8,120.8,82,5.44,15.6,12,4.21,2
WV,101,415,367-9127,no,yes,28,220.3,96,37.45,285.8,72,24.29,203,111,9.14,9.4,6,2.54,4
MA,67,415,357-6348,no,yes,34,161.7,114,27.49,207.6,115,17.65,205.7,114,9.26,9.2,4,2.48,0
MI,37,415,386-1131,no,no,0,191.4,116,32.54,167.4,99,14.23,216.5,112,9.74,14,5,3.78,3
KY,64,415,349-8391,yes,no,0,146.7,83,24.94,148.3,91,12.61,238.6,69,10.74,12.5,3,3.38,3
NJ,75,415,327-6989,no,yes,42,248.9,93,42.31,170.8,108,14.52,104.5,91,4.7,11.2,8,3.02,1
AL,95,408,333-7225,no,no,0,190.2,119,32.33,157.1,70,13.35,181.5,120,8.17,14,6,3.78,0
IL,131,510,394-9984,no,no,0,263.4,123,44.78,151.9,74,12.91,218.5,101,9.83,10.7,2,2.89,2
AL,112,510,339-5659,no,no,0,189.4,83,32.2,219,89,18.62,168,116,7.56,7.1,8,1.92,3
DE,114,415,347-4626,no,yes,31,222.8,98,37.88,180.5,105,15.34,151.3,101,6.81,13,4,3.51,0
FL,102,408,395-6913,no,yes,29,214.7,86,36.5,314.3,109,26.72,280.2,110,12.61,14.3,2,3.86,0
AR,129,415,379-7192,no,no,0,157,113,26.69,256.9,97,21.84,185.5,126,8.35,12.1,2,3.27,2
CO,118,415,362-8763,no,yes,36,294.9,106,50.13,165.7,115,14.08,189.2,63,8.51,9.8,5,2.65,3
ME,112,415,403-4816,no,no,0,185.4,114,31.52,191.4,119,16.27,144,78,6.48,10,11,2.7,2
AZ,102,408,334-1339,no,no,0,158,94,26.86,207.9,100,17.67,190.4,120,8.57,10.1,10,2.73,0
AZ,107,415,375-4770,no,yes,32,134.2,101,22.81,211.9,145,18.01,167.6,138,7.54,8.2,5,2.21,1
ME,57,415,377-3139,no,no,0,221.1,101,37.59,236.7,65,20.12,252.3,137,11.35,9.5,1,2.57,0
PA,129,510,364-5126,no,yes,32,211,99,35.87,155.1,89,13.18,234.8,96,10.57,11.4,5,3.08,1
HI,108,415,385-4766,no,no,0,291.6,99,49.57,221.1,93,18.79,229.2,110,10.31,14,9,3.78,2
ND,131,408,393-9548,no,yes,33,177.1,100,30.11,194,85,16.49,253.4,124,11.4,5.2,5,1.4,1
MA,77,408,420-3042,no,yes,17,204.9,84,34.83,201,102,17.09,219.7,97,9.89,11.3,5,3.05,0
NY,115,510,402-1607,no,yes,16,133.3,110,22.66,185.7,111,15.78,161.5,113,7.27,5.6,4,1.51,2
PA,108,510,379-3037,no,yes,25,170.7,88,29.02,109.9,113,9.34,165.7,99,7.46,8.7,1,2.35,3
SC,104,415,391-1783,no,no,0,109.1,141,18.55,187.1,140,15.9,216.6,100,9.75,10,4,2.7,3
WA,60,415,366-8939,yes,no,0,205.9,97,35,277.4,117,23.58,202,139,9.09,11,2,2.97,0
ND,27,415,405-1589,no,no,0,227.4,67,38.66,248,115,21.08,61.4,109,2.76,7.8,6,2.11,1
NC,122,510,329-5400,no,yes,30,230.1,108,39.12,287.6,76,24.45,177.1,85,7.97,6.9,3,1.86,2
TX,201,415,415-5476,no,no,0,225.9,110,38.4,299.1,86,25.42,251.3,81,11.31,11.2,4,3.02,1
NH,100,408,407-3121,no,no,0,218.8,125,37.2,148.3,102,12.61,277.8,97,12.5,9.7,6,2.62,1
NY,122,415,386-6580,no,no,0,141.4,128,24.04,146.4,70,12.44,123,75,5.54,8.1,4,2.19,0
NC,72,415,352-5663,no,no,0,196.5,88,33.41,158.6,129,13.48,269.3,118,12.12,6.8,3,1.84,0
ND,148,415,396-4234,yes,no,0,218.7,111,37.18,155.6,133,13.23,277.4,62,12.48,8.2,5,2.21,1
WA,76,510,345-6961,yes,no,0,246.8,110,41.96,206.3,63,17.54,208.4,123,9.38,13.2,5,3.56,0
CT,87,415,402-3908,no,no,0,240,83,40.8,134.1,106,11.4,189.1,84,8.51,9.3,2,2.51,0
OK,35,510,350-2340,no,yes,37,181.2,76,30.8,177.6,98,15.1,228,136,10.26,5,3,1.35,2
DE,53,415,416-9723,no,yes,32,131.2,63,22.3,227.4,125,19.33,178.9,105,8.05,12.8,2,3.46,2
CT,100,510,416-1536,yes,no,0,107.2,98,18.22,86.8,122,7.38,156.2,117,7.03,9.7,4,2.62,1
WA,143,510,362-3107,no,no,0,133.4,107,22.68,223.9,117,19.03,180.4,85,8.12,10.2,13,2.75,1
DC,93,408,345-1994,no,yes,22,306.2,123,52.05,189.7,83,16.12,240.3,107,10.81,11.7,2,3.16,0
KY,79,415,377-5417,no,no,0,236.8,135,40.26,186.4,87,15.84,126.9,112,5.71,10.4,5,2.81,2
TN,93,510,344-6847,yes,no,0,168.4,114,28.63,276,127,23.46,196.2,48,8.83,11.4,3,3.08,1
KS,164,510,394-3051,no,yes,30,238.8,100,40.6,230,121,19.55,206.3,66,9.28,13.2,8,3.56,1
NC,104,415,357-2429,no,yes,18,182.1,66,30.96,213.6,65,18.16,193,108,8.69,13.4,9,3.62,2
IN,115,415,370-9622,no,no,0,226.4,101,38.49,276.8,60,23.53,213.4,82,9.6,12.3,4,3.32,3
ME,100,510,351-2815,no,no,0,264.5,117,44.97,194,111,16.49,262.7,111,11.82,7.5,4,2.03,2
AR,113,415,338-6714,yes,no,0,122.2,112,20.77,131.7,94,11.19,169.5,106,7.63,10.3,9,2.78,5
OH,88,408,354-3040,no,no,0,274.6,105,46.68,161.1,121,13.69,194.4,123,8.75,9.2,4,2.48,2
IL,57,415,403-6237,no,yes,30,179.2,105,30.46,283.2,83,24.07,228.1,77,10.26,14.7,5,3.97,1
AR,115,408,338-1400,no,no,0,268,115,45.56,153.6,106,13.06,232.3,65,10.45,17,1,4.59,3
NY,171,415,412-6245,no,no,0,137.5,110,23.38,198.1,109,16.84,292.7,131,13.17,13.3,5,3.59,2
WA,84,415,367-5226,no,no,0,289.1,100,49.15,233.8,97,19.87,223.5,148,10.06,12.7,2,3.43,2
IN,65,408,336-4960,no,no,0,207.7,109,35.31,217.5,117,18.49,125.6,111,5.65,8,5,2.16,1
UT,100,408,370-9296,no,no,0,185,122,31.45,182.5,92,15.51,274.9,92,12.37,5.1,8,1.38,1
AZ,48,415,409-3428,no,yes,27,141.1,109,23.99,224.7,94,19.1,174.3,122,7.84,13.2,2,3.56,1
OH,106,415,352-2270,no,yes,30,220.1,105,37.42,222.2,109,18.89,158.4,96,7.13,13.1,8,3.54,0
RI,95,408,410-4882,no,no,0,160,133,27.2,215.3,98,18.3,188.9,87,8.5,9.1,4,2.46,0
CA,84,415,417-1488,no,no,0,280,113,47.6,202.2,90,17.19,156.8,103,7.06,10.4,4,2.81,0
IN,58,415,406-8445,no,yes,22,224.1,127,38.1,238.8,85,20.3,174.2,86,7.84,11.5,7,3.11,2
AL,106,408,404-5283,no,yes,29,83.6,131,14.21,203.9,131,17.33,229.5,73,10.33,8.1,3,2.19,1
OK,172,408,398-3632,no,no,0,203.9,109,34.66,234,123,19.89,160.7,65,7.23,17.8,4,4.81,4
ME,149,415,392-1376,no,yes,18,148.5,106,25.25,114.5,106,9.73,178.3,98,8.02,6.5,4,1.76,0
MS,103,510,390-6388,no,yes,29,164.1,111,27.9,219.1,96,18.62,220.3,108,9.91,12.3,9,3.32,0
OK,52,415,397-9928,no,no,0,124.9,131,21.23,300.5,118,25.54,192.5,106,8.66,11.6,4,3.13,2
WY,89,415,378-6924,no,no,0,115.4,99,19.62,209.9,115,17.84,280.9,112,12.64,15.9,6,4.29,3
OH,96,415,347-6812,no,no,0,106.6,128,18.12,284.8,87,24.21,178.9,92,8.05,14.9,7,4.02,1
TN,74,415,400-4344,no,yes,25,234.4,113,39.85,265.9,82,22.6,241.4,77,10.86,13.7,4,3.7,0
NM,99,415,418-9100,no,no,0,216.8,123,36.86,126.4,88,10.74,220.6,82,9.93,15.7,2,4.24,1
ME,102,415,372-8233,no,no,0,228.1,86,38.78,156,97,13.26,227.9,124,10.26,10.6,9,2.86,1
OR,117,415,328-1642,no,yes,38,259.3,94,44.08,245.6,71,20.88,269.3,125,12.12,9.2,1,2.48,3
WY,115,415,373-8390,yes,yes,6,140.1,125,23.82,157.9,100,13.42,249.4,96,11.22,10.1,3,2.73,1
IA,92,415,350-4349,no,no,0,138.1,131,23.48,175.7,128,14.93,192.7,119,8.67,10,3,2.7,3
VT,178,510,369-6937,no,no,0,179.7,112,30.55,276.6,91,23.51,169.7,101,7.64,10.1,7,2.73,3
CA,125,510,376-8749,yes,no,0,158.7,112,26.98,155.7,126,13.23,246,110,11.07,8.3,1,2.24,2
OR,194,415,403-2167,no,no,0,258.3,76,43.91,306,88,26.01,241.8,106,10.88,13.6,4,3.67,1
ME,70,415,390-1881,no,no,0,169.1,48,28.75,219.8,62,18.68,193.5,105,8.71,10.7,8,2.89,3
NM,72,415,412-5272,no,no,0,190.7,111,32.42,241.6,103,20.54,278.1,95,12.51,4.4,3,1.19,1
NM,83,510,365-6692,no,no,0,129.6,81,22.03,189.7,117,16.12,219,118,9.86,9.8,4,2.65,2
MD,106,408,379-6824,no,yes,22,218.6,83,37.16,244.4,70,20.77,132.4,99,5.96,9.1,6,2.46,1
TN,163,510,349-6523,no,no,0,277.7,118,47.21,115.3,91,9.8,170.3,90,7.66,10.4,8,2.81,0
AL,132,415,412-1338,no,no,0,200,104,34,149.6,101,12.72,137.1,110,6.17,18.9,2,5.1,1
SC,84,415,364-1173,no,no,0,204.1,132,34.7,164.4,117,13.97,165.1,123,7.43,0,0,0,1
VA,82,415,335-9578,no,no,0,172.4,112,29.31,131.7,89,11.19,182.8,78,8.23,8.8,9,2.38,1
SD,166,510,367-9965,no,yes,32,148.4,86,25.23,170.6,119,14.5,201.5,124,9.07,11.3,12,3.05,1
IL,103,408,391-4172,no,no,0,147.3,81,25.04,158.4,88,13.46,193.8,103,8.72,11,3,2.97,2
PA,83,415,394-5444,no,no,0,228.4,113,38.83,163.3,103,13.88,248,114,11.16,7.8,6,2.11,1
LA,92,510,335-5154,no,no,0,87.6,89,14.89,172.3,133,14.65,153.4,88,6.9,8,4,2.16,1
DC,79,408,420-8847,no,yes,25,219,95,37.23,241.9,95,20.56,203.4,102,9.15,5.6,5,1.51,4
CT,60,415,327-8514,no,yes,20,118.3,113,20.11,253.8,97,21.57,172.8,78,7.78,9.4,4,2.54,1
NC,118,415,358-3379,no,no,0,256.5,115,43.61,135.3,79,11.5,208.3,131,9.37,7.5,5,2.03,0
NJ,127,510,373-1550,no,no,0,262.9,95,44.69,175.9,126,14.95,202.1,101,9.09,7.5,5,2.03,1
NC,110,415,379-8877,yes,no,0,135.1,99,22.97,227.3,123,19.32,176,110,7.92,13.2,4,3.56,1
NH,145,415,357-9659,no,no,0,170.5,101,28.99,206.5,112,17.55,194.3,106,8.74,9.8,1,2.65,3
KY,47,415,398-8386,no,yes,40,158.3,90,26.91,213.2,71,18.12,123,132,5.54,14,2,3.78,2
WV,113,510,374-5952,no,yes,28,264.4,93,44.95,222.8,79,18.94,213.7,88,9.62,10,4,2.7,1
IA,157,510,387-3219,no,no,0,102.9,94,17.49,229.1,96,19.47,198.7,129,8.94,13.6,2,3.67,1
SC,40,415,359-5574,no,no,0,309.4,86,52.6,271.3,98,23.06,197.1,116,8.87,11.2,5,3.02,3
AZ,130,510,368-7612,no,yes,22,173.9,90,29.56,234.8,86,19.96,121.8,79,5.48,8.4,5,2.27,1
DC,59,415,406-8182,no,yes,26,205.4,68,34.92,115,115,9.78,214.7,130,9.66,9.4,2,2.54,5
DE,12,415,405-8712,no,no,0,206.1,105,35.04,246.6,104,20.96,254.6,83,11.46,12.1,7,3.27,2
NY,143,415,338-2380,no,no,0,168.6,85,28.66,176.3,89,14.99,282.3,69,12.7,13.3,10,3.59,1
TX,98,408,339-9316,no,no,0,158.5,90,26.95,254.4,67,21.62,178.4,104,8.03,14.8,5,4,2
LA,140,415,406-5761,no,yes,27,176,141,29.92,201.3,143,17.11,167.9,93,7.56,7.1,5,1.92,3
OH,176,415,390-9380,no,yes,31,167,93,28.39,174.1,128,14.8,155,124,6.98,10.4,4,2.81,3
OK,127,408,345-3986,no,no,0,212.9,92,36.19,260.1,124,22.11,177.6,85,7.99,8.6,2,2.32,2
MO,83,510,410-3396,no,no,0,133.9,82,22.76,169.6,105,14.42,222.8,114,10.03,11.7,4,3.16,0
SC,136,415,397-1039,no,no,0,88.5,112,15.05,279.5,98,23.76,278,69,12.51,7.5,12,2.03,1
OK,149,510,389-5705,no,no,0,117.2,99,19.92,227.7,74,19.35,221.7,141,9.98,9,7,2.43,1
WA,93,415,329-4592,no,no,0,214.4,112,36.45,261.5,97,22.23,280.8,112,12.64,14.8,3,4,0
SD,87,510,371-1014,yes,no,0,207.8,113,35.33,182.2,129,15.49,163.4,98,7.35,13,3,3.51,1
HI,103,415,403-3365,no,no,0,245.8,116,41.79,135.4,97,11.51,190.9,73,8.59,9.9,7,2.67,1
ND,51,510,391-1811,no,no,0,95.3,103,16.2,189.3,116,16.09,238.7,110,10.74,13.6,4,3.67,1
VT,149,415,338-2617,no,no,0,194.9,108,33.13,187.1,102,15.9,174.9,168,7.87,8.2,4,2.21,4
DC,138,415,350-9230,no,no,0,149.7,99,25.45,160,97,13.6,256.5,161,11.54,9.5,5,2.57,1
AR,81,415,402-1606,no,yes,17,268.1,94,45.58,156.1,124,13.27,160.4,90,7.22,13.6,5,3.67,2
CA,90,510,364-3666,no,yes,22,187.9,121,31.94,209.9,101,17.84,256.7,102,11.55,10.4,5,2.81,2
GA,90,415,384-7345,no,no,0,68.8,124,11.7,168.1,106,14.29,281.7,96,12.68,9.8,5,2.65,1
MN,122,415,420-8636,no,no,0,126,89,21.42,147,95,12.5,280.2,97,12.61,5.6,4,1.51,0
NV,94,510,419-9987,no,no,0,175.9,121,29.9,222.1,94,18.88,191.8,123,8.63,10.9,5,2.94,1
OH,107,415,420-1947,no,yes,26,234,116,39.78,223.9,103,19.03,246.5,105,11.09,13.8,1,3.73,1
DE,44,415,385-5360,no,no,0,225.6,118,38.35,135.4,122,11.51,190.1,96,8.55,12.1,5,3.27,1
NJ,139,415,369-9640,no,no,0,63.3,116,10.76,177.3,113,15.07,171.6,82,7.72,14.2,4,3.83,1
AZ,68,408,369-6749,no,no,0,172.5,115,29.33,221.9,126,18.86,170.9,98,7.69,6.8,8,1.84,4
WV,131,408,354-7284,no,no,0,155.6,78,26.45,165.2,134,14.04,184.1,89,8.28,8.7,2,2.35,2
NY,81,408,411-6568,no,yes,36,164.8,106,28.02,210.2,138,17.87,173.6,78,7.81,4.3,2,1.16,2
NE,100,415,339-8912,no,no,0,220.3,106,37.45,126.1,124,10.72,242,67,10.89,10.2,1,2.75,3
ND,102,510,410-8903,no,no,0,69.7,85,11.85,226.5,107,19.25,128.5,104,5.78,11.1,2,3,2
CO,135,415,333-3376,yes,no,0,177.2,151,30.12,209.3,83,17.79,236.3,114,10.63,11.1,5,3,2
NJ,42,408,384-9451,no,yes,16,240.8,80,40.94,212.6,121,18.07,271.7,138,12.23,9.4,4,2.54,1
IA,69,510,383-4798,no,no,0,170.7,98,29.02,111.6,109,9.49,171.5,107,7.72,4.8,7,1.3,3
OR,99,408,378-8975,no,no,0,221,118,37.57,138.8,104,11.8,198.6,96,8.94,12.1,4,3.27,0
PA,72,415,336-9559,no,no,0,180,109,30.6,292.7,96,24.88,194.9,114,8.77,10.8,4,2.92,0
FL,98,408,379-6521,no,no,0,92.3,128,15.69,250.1,89,21.26,211.9,110,9.54,10.8,16,2.92,3
WV,166,408,403-2223,no,yes,41,196.7,109,33.44,124.3,107,10.57,198.3,94,8.92,11,5,2.97,5
SC,78,415,418-1122,no,no,0,131.4,98,22.34,189.9,95,16.14,147.4,83,6.63,11.2,2,3.02,2
MT,138,415,392-8092,no,no,0,216,106,36.72,207.6,110,17.65,180,102,8.1,11.2,4,3.02,0
HI,19,510,354-4045,no,yes,34,206.4,111,35.09,229.7,118,19.52,156.7,81,7.05,11.8,10,3.19,3
NC,98,510,343-2609,no,no,0,167,60,28.39,125.1,65,10.63,262.5,100,11.81,8.9,2,2.4,1
SC,125,510,345-2425,no,no,0,184.1,105,31.3,126.7,123,10.77,241.5,94,10.87,4.7,6,1.27,1
TN,119,415,366-6878,no,no,0,130.5,98,22.19,249.5,91,21.21,219.9,117,9.9,12.7,1,3.43,3
SC,92,510,393-9886,no,no,0,183.7,103,31.23,270.6,97,23,132.9,104,5.98,11.2,2,3.02,0
AK,83,415,386-3218,no,no,0,182.5,85,31.03,181.5,114,15.43,199.1,110,8.96,14.7,6,3.97,1
UT,52,408,412-5585,no,no,0,288.2,108,48.99,129.6,136,11.02,229.6,73,10.33,9.6,5,2.59,4
OR,3,510,389-7482,no,no,0,125.5,100,21.34,266.2,78,22.63,270.4,119,12.17,5.9,6,1.59,3
AR,132,415,350-1561,no,no,0,99,126,16.83,189.4,76,16.1,156.3,108,7.03,8.4,3,2.27,1
MD,101,408,382-6944,no,no,0,155.4,71,26.42,84,122,7.14,229.1,97,10.31,5.8,1,1.57,1
ND,58,408,385-4852,no,no,0,177.4,107,30.16,204.7,104,17.4,141.9,123,6.39,15,9,4.05,3
MS,132,510,374-4355,no,no,0,126.8,83,21.56,243.2,97,20.67,223.4,106,10.05,7.1,5,1.92,3
KS,24,510,375-1752,no,yes,41,187.1,80,31.81,286.1,77,24.32,188,107,8.46,10.4,2,2.81,1
GA,80,408,362-6277,no,no,0,142.9,70,24.29,221.6,83,18.84,121.4,111,5.46,15.2,4,4.1,1
MN,113,408,338-9350,no,no,0,198.6,115,33.76,258,106,21.93,245.8,104,11.06,10.2,6,2.75,1
UT,169,408,347-2255,no,no,0,157.8,96,26.83,160,120,13.6,198.8,112,8.95,13.7,6,3.7,3
DE,102,408,344-9129,no,no,0,245.4,82,41.72,260.3,124,22.13,195.1,82,8.78,10.5,3,2.84,3
VA,78,415,384-6230,yes,yes,20,252.8,102,42.98,217.6,105,18.5,107.3,93,4.83,11.2,3,3.02,0
MO,162,415,366-2505,yes,no,0,147.6,126,25.09,284.1,84,24.15,170.2,87,7.66,8.1,7,2.19,0
IA,79,415,359-2705,no,no,0,157.5,90,26.78,223.8,83,19.02,241.1,98,10.85,12.2,4,3.29,1
MS,144,415,366-5698,no,yes,26,177.1,94,30.11,206,85,17.51,254.8,95,11.47,6.6,2,1.78,2
MO,131,415,415-6807,no,no,0,201.1,141,34.19,216.5,93,18.4,217.4,132,9.78,11.5,4,3.11,1
TN,73,510,331-7750,no,yes,6,237.6,105,40.39,244.9,98,20.82,188.3,107,8.47,6.8,11,1.84,4
LA,100,510,373-2006,no,no,0,222.1,115,37.76,245,130,20.83,129.3,119,5.82,8.1,2,2.19,2
OK,139,510,339-7422,no,no,0,148.7,90,25.28,204.3,106,17.37,144.1,105,6.48,9.8,4,2.65,2
NH,125,415,359-3901,no,yes,25,190.1,133,32.32,181.1,61,15.39,104,110,4.68,12.5,3,3.38,2
WI,89,408,401-9588,no,no,0,234.8,95,39.92,109.7,87,9.32,180.3,99,8.11,10.4,2,2.81,0
KS,124,510,405-6226,no,no,0,247.2,84,42.02,161.9,130,13.76,170.3,73,7.66,6.1,6,1.65,1
MT,83,408,379-2657,no,no,0,185.9,115,31.6,232.5,98,19.76,205.2,124,9.23,10.2,2,2.75,2
TX,104,415,371-8624,no,no,0,304,141,51.68,264.1,127,22.45,138.1,104,6.21,7.2,4,1.94,0
KS,59,510,347-6527,no,yes,45,71.2,113,12.1,233.7,95,19.86,139.3,129,6.27,14,12,3.78,1
IA,111,510,341-8923,no,yes,33,168.1,97,28.58,204,88,17.34,260.9,97,11.74,15.1,3,4.08,1
MS,110,415,370-1387,no,no,0,178.4,110,30.33,179.1,116,15.22,228.1,99,10.26,6.5,4,1.76,1
TN,98,415,401-4776,no,no,0,190.5,106,32.39,164.2,92,13.96,110.8,88,4.99,11.4,5,3.08,2
TX,112,415,387-1375,no,no,0,210.4,78,35.77,172.4,75,14.65,240,105,10.8,11.7,3,3.16,2
FL,194,408,399-2851,no,yes,42,203.7,109,34.63,192.9,125,16.4,318,81,14.31,10.8,16,2.92,3
OH,78,415,377-1978,no,yes,27,121.9,88,20.72,225.4,75,19.16,90.8,118,4.09,13,4,3.51,3
NY,115,408,402-5969,no,yes,30,181.2,65,30.8,193.2,62,16.42,153.2,92,6.89,9.9,6,2.67,2
KS,18,510,385-1610,no,no,0,180.2,115,30.63,83.4,114,7.09,245.3,111,11.04,11.9,6,3.21,1
WA,49,510,406-8550,no,yes,42,159,67,27.03,126.3,125,10.74,206.8,88,9.31,7.4,3,2,2
FL,105,408,418-3070,no,no,0,181.9,70,30.92,233.5,83,19.85,194.6,80,8.76,8.1,9,2.19,1
AL,111,415,331-7190,no,no,0,187.8,107,31.93,246,70,20.91,175.9,88,7.92,10.5,7,2.84,0
RI,121,415,350-6534,no,yes,22,212.3,107,36.09,238,94,20.23,332.8,114,14.98,10.4,2,2.81,1
ND,57,415,350-5997,yes,no,0,227.4,94,38.66,146.4,115,12.44,211.4,92,9.51,8.3,5,2.24,1
SC,97,510,385-6336,no,no,0,164.2,97,27.91,232.2,85,19.74,198.8,118,8.95,6.5,3,1.76,1
MN,118,415,352-8208,no,no,0,161.6,96,27.47,223.9,113,19.03,240.6,137,10.83,6.8,2,1.84,0
UT,180,510,380-6612,no,no,0,253.9,69,43.16,184.2,138,15.66,174.3,83,7.84,0.4,7,0.11,1
CO,126,415,334-4951,no,no,0,120,82,20.4,213.6,111,18.16,312.9,136,14.08,7.5,6,2.03,1
NM,103,408,417-6460,no,no,0,107.9,111,18.34,166.9,129,14.19,208.5,78,9.38,9.7,3,2.62,1
NH,119,408,359-8717,no,no,0,215.1,105,36.57,249.4,104,21.2,249.9,83,11.25,10.8,8,2.92,2
CT,68,510,373-8655,yes,no,0,197.7,99,33.61,188.8,106,16.05,254.6,80,11.46,19.2,4,5.18,3
NV,95,415,377-4669,no,yes,35,238.3,86,40.51,258.1,132,21.94,194.9,72,8.77,13.1,4,3.54,5
IN,49,415,399-3758,no,yes,20,205.9,109,35,298.4,105,25.36,142.1,91,6.39,12.3,3,3.32,4
WI,98,415,420-8171,yes,yes,20,186.2,112,31.65,145.3,65,12.35,142.8,104,6.43,10.9,4,2.94,3
MD,96,415,410-4408,no,no,0,149.2,125,25.36,210.6,119,17.9,290.5,102,13.07,9.4,3,2.54,4
VA,182,408,343-1137,no,yes,24,215.2,73,36.58,133.1,85,11.31,205.1,79,9.23,10.9,7,2.94,0
MA,113,510,393-9216,no,no,0,193.1,93,32.83,206.4,85,17.54,215.9,102,9.72,11.1,2,3,1
NJ,38,415,407-3765,no,no,0,228.3,129,38.81,141.9,83,12.06,268.6,116,12.09,9.7,3,2.62,2
AR,57,415,356-2563,no,yes,23,208.7,57,35.48,233.4,132,19.84,108.8,117,4.9,9.1,5,2.46,1
KY,132,415,390-1966,no,no,0,172.7,90,29.36,344,62,29.24,301.6,113,13.57,5.5,4,1.49,0
CO,135,408,351-2833,no,no,0,129.4,104,22,199,96,16.92,142.4,81,6.41,12.3,4,3.32,1
IA,102,510,332-3279,no,no,0,171.5,77,29.16,261,107,22.19,328.8,72,14.8,10.2,1,2.75,0
MT,117,510,336-7952,no,no,0,180.6,134,30.7,216.6,96,18.41,101,122,4.55,10.6,6,2.86,4
WY,37,510,347-6351,no,yes,33,225.7,133,38.37,223.9,115,19.03,192.7,131,8.67,11.2,5,3.02,3
WA,124,408,383-2254,no,no,0,282.8,108,48.08,246.3,89,20.94,256.4,96,11.54,10.3,1,2.78,3
UT,91,510,379-2614,no,no,0,142.6,90,24.24,286.8,102,24.38,222.2,113,10,14.8,3,4,0
MT,142,415,415-8119,no,yes,22,198.3,144,33.71,157.2,96,13.36,180.9,114,8.14,11.1,4,3,2
MO,137,510,400-3457,no,no,0,79.5,121,13.52,164.1,86,13.95,121.8,108,5.48,11.7,7,3.16,2
NY,84,415,391-4987,no,no,0,214.9,72,36.53,197.7,92,16.8,153.1,79,6.89,11.9,2,3.21,2
ID,123,415,421-6869,no,no,0,132.2,122,22.47,169.9,101,14.44,150.1,123,6.75,12.9,11,3.48,3
MO,60,408,373-4263,no,no,0,162.8,117,27.68,163.2,121,13.87,242.4,140,10.91,14.2,2,3.83,1
OH,159,510,411-4378,no,no,0,168.5,80,28.65,203.9,119,17.33,199.1,126,8.96,8.1,2,2.19,1
NH,112,415,403-3502,no,no,0,124.4,109,21.15,196.1,119,16.67,166.1,89,7.47,10.2,4,2.75,2
HI,174,415,371-8517,no,no,0,187.4,74,31.86,144.6,142,12.29,235.7,102,10.61,10.2,1,2.75,1
ND,117,415,390-2562,yes,no,0,158.1,101,26.88,315.1,96,26.78,176.1,108,7.92,13.9,2,3.75,3
NH,131,510,401-9705,no,no,0,103.5,105,17.6,174.1,103,14.8,248.2,95,11.17,11.7,2,3.16,5
SC,94,408,410-7256,no,no,0,229.2,103,38.96,163.9,133,13.93,190.1,67,8.55,7.4,6,2,3
DE,29,415,387-4222,no,no,0,163.7,109,27.83,207.3,88,17.62,266.2,101,11.98,10.4,2,2.81,1
ME,115,408,391-3380,no,no,0,200.2,115,34.03,268.8,109,22.85,185.4,102,8.34,12.8,2,3.46,3
LA,69,415,401-3615,no,no,0,245.6,128,41.75,173,101,14.71,111.8,118,5.03,14.2,7,3.83,2
LA,61,408,400-3569,no,no,0,140.8,126,23.94,212.5,115,18.06,141.7,79,6.38,6.4,5,1.73,4
ND,184,415,410-4662,no,no,0,237.6,86,40.39,157,105,13.35,163.6,103,7.36,14.2,2,3.83,2
DC,29,510,366-2822,no,no,0,182.1,92,30.96,180.4,91,15.33,206.4,128,9.29,7.2,2,1.94,2
ME,78,415,420-4405,no,no,0,211.4,105,35.94,249.9,77,21.24,199.6,129,8.98,9.3,2,2.51,2
AR,121,415,418-9746,no,no,0,123.6,113,21.01,229.4,85,19.5,242.9,97,10.93,10.3,4,2.78,0
ID,101,415,369-1046,no,no,0,202.5,91,34.43,142.5,134,12.11,219.6,102,9.88,10.1,4,2.73,3
NV,134,415,343-3870,no,no,0,199.7,107,33.95,205.8,86,17.49,198.8,125,8.95,8.3,5,2.24,0
AL,91,510,372-4493,no,yes,39,160.8,97,27.34,119.3,54,10.14,147.9,101,6.66,10.3,3,2.78,3
CO,103,510,374-3585,no,yes,40,140.3,52,23.85,245.6,114,20.88,111.7,86,5.03,11.1,6,3,1
LA,76,510,399-1915,no,no,0,156.3,117,26.57,115.7,53,9.83,316.4,121,14.24,6.8,4,1.84,1
UT,139,510,385-4731,no,no,0,258.7,94,43.98,190.3,132,16.18,247.2,73,11.12,11.4,2,3.08,1
UT,167,415,384-6032,no,no,0,94.9,114,16.13,315.8,105,26.84,181,71,8.15,10.8,6,2.92,0
CO,138,408,389-5315,no,no,0,182,101,30.94,200.3,119,17.03,208.9,131,9.4,13.4,3,3.62,4
MA,130,408,348-8302,no,no,0,162,62,27.54,278.1,108,23.64,197.5,82,8.89,9.1,4,2.46,1
KY,124,408,367-9956,no,no,0,156.9,74,26.67,195.8,82,16.64,181,99,8.15,8.8,2,2.38,1
SC,101,415,329-6776,yes,no,0,92.1,109,15.66,163,83,13.86,133.3,102,6,9.7,11,2.62,2
KY,110,408,342-8693,no,no,0,244.7,84,41.6,106.4,95,9.04,194.9,61,8.77,10.5,1,2.84,2
NE,42,510,418-9470,no,no,0,143.7,96,24.43,221,98,18.79,108.9,94,4.9,8.6,1,2.32,2
SC,106,510,377-9526,no,no,0,168.4,85,28.63,123.3,95,10.48,162.5,83,7.31,4.6,4,1.24,3
WA,45,415,381-1712,no,no,0,135,116,22.95,159,108,13.52,170.3,130,7.66,11.1,15,3,1
KY,102,415,396-8551,yes,no,0,209.8,85,35.67,165.7,100,14.08,230.1,92,10.35,8.7,6,2.35,0
ID,49,415,421-1264,no,no,0,101.7,71,17.29,223.2,102,18.97,182.1,112,8.19,7.3,3,1.97,3
NE,39,510,411-2297,no,no,0,185,113,31.45,106.5,125,9.05,167.3,78,7.53,12,2,3.24,0
AK,98,415,387-5388,no,no,0,237.5,130,40.38,213.2,85,18.12,194.1,107,8.73,10.1,3,2.73,0
OR,174,415,420-4132,no,no,0,222.3,102,37.79,173.8,123,14.77,297.2,97,13.37,5.7,2,1.54,0
OH,141,415,409-3611,no,no,0,215.8,79,36.69,112.7,85,9.58,221.8,109,9.98,5.6,4,1.51,2
MD,131,415,341-9321,no,no,0,212.8,108,36.18,212,115,18.02,235.9,96,10.62,9.8,11,2.65,0
WV,63,415,342-7847,no,no,0,147.8,95,25.13,201.4,72,17.12,154.9,118,6.97,8.6,8,2.32,1
ID,43,415,358-5239,no,yes,36,93.1,68,15.83,246.1,83,20.92,94.9,109,4.27,8.7,8,2.35,1
TX,125,415,330-8642,no,no,0,190.2,107,32.33,209.2,75,17.78,102.1,136,4.59,14.2,5,3.83,4
CO,92,415,404-9485,no,no,0,160.5,113,27.29,287.3,134,24.42,212.6,93,9.57,8.2,3,2.21,3
WY,72,510,363-5220,yes,no,0,274,75,46.58,162.8,110,13.84,110,121,4.95,7.7,3,2.08,4
DC,150,510,390-2027,yes,no,0,114.8,156,19.52,135.3,78,11.5,218.4,98,9.83,15.6,4,4.21,1
IL,135,415,416-5380,no,no,0,247.2,61,42.02,168.7,122,14.34,169.8,100,7.64,6.6,1,1.78,0
ID,125,408,347-1182,no,no,0,175.9,98,29.9,192.8,148,16.39,278.2,110,12.52,10.6,5,2.86,0
ME,67,415,402-4206,no,no,0,208,95,35.36,234.8,81,19.96,266,80,11.97,11.7,6,3.16,3
WV,43,510,380-1669,no,yes,26,141.5,94,24.06,196.4,123,16.69,172.4,100,7.76,12.9,1,3.48,3
MO,120,415,403-1409,no,no,0,79.2,123,13.46,212.1,106,18.03,224.6,104,10.11,10.2,4,2.75,3
OK,103,510,388-4235,no,no,0,267,97,45.39,204.3,151,17.37,246.9,67,11.11,11.3,7,3.05,1
TN,121,415,375-6971,no,no,0,217.3,79,36.94,218,106,18.53,166.5,69,7.49,11.5,7,3.11,1
MN,56,415,349-3065,no,no,0,222.9,100,37.89,145.2,110,12.34,170.6,129,7.68,5.6,8,1.51,1
SC,100,408,367-6010,no,yes,41,306.9,71,52.17,243.3,72,20.68,125.9,114,5.67,10.5,4,2.84,2
ME,113,408,422-8472,no,no,0,203.4,85,34.58,219.8,140,18.68,240,107,10.8,8.3,5,2.24,1
NM,29,415,399-5418,no,no,0,262,112,44.54,82.7,60,7.03,195.1,120,8.78,10.7,5,2.89,1
FL,152,408,394-5397,no,yes,26,214.8,82,36.52,226.7,135,19.27,206.7,97,9.3,7.6,11,2.05,1
MS,78,510,352-3832,yes,no,0,198.9,93,33.81,210.6,86,17.9,252.1,99,11.34,14.4,12,3.89,0
OR,67,415,385-7814,no,no,0,245.1,118,41.67,185.2,94,15.74,193.6,112,8.71,8.1,3,2.19,3
NH,131,415,372-1849,no,no,0,227.7,134,38.71,162.7,88,13.83,279.4,90,12.57,8.9,7,2.4,4
ME,81,415,333-6788,yes,no,0,220.4,76,37.47,276.4,122,23.49,239.5,112,10.78,11.4,5,3.08,1
MI,47,510,395-9771,no,yes,30,136.5,101,23.21,174.9,74,14.87,146.4,91,6.59,10.9,3,2.94,2
SD,39,408,397-7074,no,no,0,179,88,30.43,148.2,124,12.6,146.8,116,6.61,8.8,4,2.38,2
KY,167,408,358-4969,no,no,0,130.5,66,22.19,80.9,102,6.88,221.6,116,9.97,11.2,5,3.02,1
DC,78,415,387-4090,yes,no,0,176.6,107,30.02,179.4,98,15.25,178.2,80,8.02,16.6,5,4.48,2
LA,79,408,348-3694,no,no,0,174.8,88,29.72,197,94,16.75,87,103,3.92,8.6,6,2.32,3
AL,106,415,394-5644,no,no,0,222.1,123,37.76,276.8,92,23.53,213.5,99,9.61,9,3,2.43,0
AL,12,408,376-2803,no,no,0,239.7,112,40.75,221.1,122,18.79,207.3,109,9.33,11.1,3,3,2
IN,168,415,407-5054,no,no,0,160.6,110,27.3,185.2,120,15.74,120.2,104,5.41,9.1,4,2.46,1
TN,222,408,372-2527,no,yes,34,218.5,89,37.15,160.7,76,13.66,181.6,76,8.17,4.9,5,1.32,4
HI,232,415,364-3035,no,no,0,248.2,128,42.19,211.2,96,17.95,147.1,117,6.62,10,6,2.7,2
MD,58,408,359-1487,no,no,0,187.6,113,31.89,217.4,115,18.48,139.7,92,6.29,9.8,5,2.65,3
KY,55,415,368-8579,no,yes,37,197.5,89,33.58,228.7,141,19.44,313.4,121,14.1,19.7,2,5.32,1
OH,69,510,366-8322,no,no,0,221.6,88,37.67,231.8,87,19.7,211.7,116,9.53,8.6,9,2.32,1
GA,111,408,365-4106,yes,no,0,177.1,102,30.11,249.1,102,21.17,153.3,66,6.9,8.8,4,2.38,2
VT,100,510,367-3275,no,no,0,254.2,97,43.21,262,88,22.27,256.3,82,11.53,13.6,6,3.67,0
AK,42,415,375-4450,no,no,0,171,129,29.07,183.9,96,15.63,130.2,90,5.86,4.6,6,1.24,0
NE,90,415,363-2674,no,no,0,114.4,108,19.45,232.8,150,19.79,198.1,78,8.91,8.9,3,2.4,0
FL,66,510,417-3093,no,no,0,113.9,112,19.36,271.8,106,23.1,216.7,95,9.75,15.6,3,4.21,2
MN,85,415,400-8619,no,no,0,234.5,113,39.87,237.3,116,20.17,122.7,110,5.52,12.9,3,3.48,4
WI,133,415,373-1160,no,no,0,113.3,137,19.26,160.2,103,13.62,228.8,98,10.3,10.1,7,2.73,2
IL,66,415,369-6042,no,yes,31,163.2,106,27.74,267.9,108,22.77,172.6,100,7.77,9.7,5,2.62,1
MS,65,510,372-3670,no,no,0,193.8,113,32.95,151.7,106,12.89,208.9,94,9.4,12.6,3,3.4,3
CT,59,415,368-4117,no,yes,46,200.1,44,34.02,126,78,10.71,146.3,123,6.58,10.6,5,2.86,1
NJ,126,415,373-7804,no,no,0,261.6,83,44.47,192.9,133,16.4,246.9,50,11.11,7.3,3,1.97,4
KS,85,408,408-7909,no,no,0,164,111,27.88,229.4,108,19.5,220.7,105,9.93,9.3,2,2.51,1
HI,169,408,369-6323,no,no,0,240.7,119,40.92,141.1,102,11.99,120.6,56,5.43,7.7,2,2.08,2
MN,82,415,416-9219,no,no,0,194.7,105,33.1,210.9,100,17.93,236.9,143,10.66,11.6,3,3.13,3
HI,47,510,376-9305,yes,no,0,135,108,22.95,176.3,111,14.99,144.6,96,6.51,10.5,1,2.84,1
KS,70,415,331-5650,no,no,0,325.5,128,55.34,300.3,105,25.53,199.8,93,8.99,5.7,7,1.54,1
OH,135,510,406-5144,no,no,0,112.7,123,19.16,280,90,23.8,251.9,110,11.34,10.4,2,2.81,0
RI,123,408,331-5631,no,no,0,225.6,102,38.35,225.8,56,19.19,186.7,128,8.4,6.7,2,1.81,1
NE,112,415,333-4239,yes,no,0,195.7,123,33.27,141.9,124,12.06,136.4,72,6.14,7.9,6,2.13,1
OR,103,408,412-4971,no,no,0,185.8,118,31.59,86.8,84,7.38,208.4,115,9.38,10.7,9,2.89,1
MO,128,510,366-5049,no,no,0,221,109,37.57,219,107,18.62,229.4,113,10.32,8.6,5,2.32,3
NM,116,510,420-4140,no,no,0,179,81,30.43,200,116,17,168.6,74,7.59,15.8,7,4.27,1
NJ,107,510,330-9351,no,no,0,156.3,75,26.57,215.3,93,18.3,118.2,115,5.32,8.8,2,2.38,1
NY,61,415,396-2646,no,yes,36,233.9,97,39.76,175.6,133,14.93,177,83,7.97,9.5,4,2.57,1
NE,166,415,359-1645,no,no,0,238.6,117,40.56,242.8,73,20.64,203.3,130,9.15,10,8,2.7,4
TN,90,408,399-4204,yes,no,0,127.2,94,21.62,221.1,108,18.79,110.7,106,4.98,11.2,3,3.02,2
IL,143,415,381-7815,no,yes,26,119.6,133,20.33,247,136,21,227.3,54,10.23,13,3,3.51,1
DC,105,510,404-2850,no,no,0,193.2,139,32.84,260.3,104,22.13,226.4,133,10.19,7.8,2,2.11,1
VT,109,415,387-2956,no,no,0,134.3,99,22.83,203.9,103,17.33,297.7,91,13.4,7.6,2,2.05,3
IL,109,510,347-5734,no,no,0,117.8,64,20.03,216.2,84,18.38,148.4,59,6.68,10.9,5,2.94,1
UT,90,415,373-2483,no,no,0,152.3,91,25.89,165,120,14.03,294.3,73,13.24,9,3,2.43,2
NH,170,415,391-6449,no,no,0,222.8,82,37.88,148.2,105,12.6,231.1,75,10.4,13.3,5,3.59,1
KY,129,415,335-2410,no,no,0,207.7,75,35.31,191.3,116,16.26,226.7,98,10.2,11.6,6,3.13,2
MN,132,510,375-8260,no,yes,33,157.9,84,26.84,163.9,109,13.93,215.4,87,9.69,11.5,3,3.11,3
NM,42,415,389-2130,no,no,0,137.9,160,23.44,234.9,107,19.97,166.6,70,7.5,14.3,3,3.86,5
TX,145,510,401-1455,no,no,0,158.8,120,27,352.1,145,29.93,177.6,140,7.99,6.2,6,1.67,2
SC,137,510,368-4510,no,no,0,109.8,112,18.67,223.5,88,19,247.5,96,11.14,17.8,2,4.81,1
NH,136,510,374-2374,no,yes,19,174,96,29.58,217.2,126,18.46,220.3,97,9.91,11.4,3,3.08,1
KY,140,408,327-9613,no,yes,24,235.4,92,40.02,160.9,71,13.68,211.9,99,9.54,8.9,2,2.4,3
WY,46,510,331-9226,yes,yes,27,170.9,73,29.05,184.7,77,15.7,130.8,94,5.89,6.1,7,1.65,2
RI,106,415,371-7947,no,no,0,155.9,90,26.5,198,101,16.83,189.1,95,8.51,8,2,2.16,2
LA,81,415,376-5968,no,yes,43,102.4,102,17.41,225.3,104,19.15,182.3,97,8.2,7.1,5,1.92,2
MS,117,415,414-8045,no,no,0,189.8,122,32.27,235.6,94,20.03,270.8,120,12.19,12.7,2,3.43,1
WV,176,415,416-9174,no,no,0,162.6,97,27.64,227.8,107,19.36,218.8,92,9.85,11.3,4,3.05,1
NM,138,408,419-8866,no,no,0,63.7,114,10.83,212.2,132,18.04,247.6,114,11.14,8.8,4,2.38,0
IN,140,415,409-6884,no,no,0,204.7,100,34.8,126.8,107,10.78,202.8,115,9.13,12.1,4,3.27,2
CT,15,415,397-3854,no,no,0,185.1,103,31.47,193.8,148,16.47,305.2,79,13.73,13.2,6,3.56,5
IL,74,408,366-7430,no,no,0,141.9,103,24.12,201,110,17.09,211.2,117,9.5,10.9,11,2.94,1
RI,79,415,395-5549,no,yes,30,148,96,25.16,149.6,128,12.72,220.3,99,9.91,9.7,5,2.62,3
RI,60,408,378-7171,no,no,0,194.2,107,33.01,174,107,14.79,89.3,83,4.02,11.2,2,3.02,2
AR,138,408,337-5390,no,yes,33,214.9,91,36.53,288.7,97,24.54,262.7,64,11.82,8.1,2,2.19,0
NH,22,408,414-9924,no,yes,29,151.2,147,25.7,203.2,135,17.27,296.1,98,13.32,11.1,2,3,2
WY,2,415,344-7508,no,yes,27,141.7,125,24.09,160.7,136,13.66,170.3,81,7.66,9.3,2,2.51,1
IN,91,415,396-1316,no,no,0,289.3,73,49.18,179.8,86,15.28,186.7,94,8.4,6.4,7,1.73,1
TX,110,415,409-9699,no,yes,30,144.1,87,24.5,229.8,88,19.53,174.7,90,7.86,12.4,4,3.35,2
NH,97,415,402-4898,no,no,0,87.1,110,14.81,202.1,110,17.18,137.9,89,6.21,14.4,4,3.89,2
OR,92,415,343-2507,no,no,0,114.6,94,19.48,209,78,17.77,209.7,97,9.44,8.3,5,2.24,2
MO,87,415,373-3185,yes,no,0,128.9,71,21.91,281.9,91,23.96,209.1,100,9.41,9.9,4,2.67,0
NE,136,415,378-3392,no,no,0,259,105,44.03,166.9,125,14.19,255.1,107,11.48,11.1,3,3,3
MN,59,415,408-3215,no,no,0,231.4,93,39.34,168,92,14.28,257.2,124,11.57,11.4,5,3.08,2
KY,122,415,345-4482,no,no,0,273.8,94,46.55,237.1,131,20.15,295.9,89,13.32,10.4,2,2.81,3
AL,152,408,389-4585,no,no,0,142.8,106,24.28,230.5,87,19.59,212.8,74,9.58,7.2,8,1.94,0
IL,51,510,332-7088,no,yes,32,206.1,134,35.04,179.6,84,15.27,332.2,90,14.95,10.2,2,2.75,3
AL,166,415,405-6013,yes,no,0,191.3,120,32.52,167.3,88,14.22,162.9,110,7.33,10.2,2,2.75,2
AZ,116,415,422-7769,yes,no,0,191.7,97,32.59,176.2,127,14.98,103.9,96,4.68,4.9,4,1.32,2
PA,86,415,340-7792,no,yes,23,247.6,65,42.09,255.7,104,21.73,150,138,6.75,7.3,5,1.97,3
MT,21,415,382-5340,no,no,0,254.3,87,43.23,215.5,95,18.32,236.3,98,10.63,11.6,5,3.13,1
MN,78,415,390-8352,no,no,0,241.3,113,41.02,146.6,97,12.46,129,131,5.81,11.8,6,3.19,3
CA,126,415,351-3505,no,no,0,97,96,16.49,213.1,79,18.11,322.2,79,14.5,10.8,3,2.92,5
MD,79,415,390-7408,no,no,0,81.2,91,13.8,215.7,126,18.33,245.9,85,11.07,10.9,4,2.94,1
AL,98,408,392-5428,no,no,0,207,94,35.19,256.3,64,21.79,137.6,60,6.19,10.4,4,2.81,2
NE,67,408,375-6587,no,no,0,144.7,91,24.6,219.6,106,18.67,233.5,98,10.51,12.6,8,3.4,1
VA,34,415,335-1608,no,no,0,210.4,75,35.77,205.1,108,17.43,230.5,129,10.37,12.5,2,3.38,1
MN,136,415,397-2910,no,no,0,221.4,120,37.64,249.5,78,21.21,192,68,8.64,13.6,2,3.67,0
VA,103,408,386-6362,no,no,0,147.8,71,25.13,182.6,103,15.52,260.8,95,11.74,6.9,3,1.86,1
ND,62,510,372-9024,no,no,0,196.2,107,33.35,103.9,104,8.83,203.8,88,9.17,13.2,4,3.56,1
LA,51,415,418-1149,no,no,0,176.7,129,30.04,218.9,125,18.61,183.9,51,8.28,9.1,4,2.46,0
TX,38,415,393-7275,no,yes,38,175.6,127,29.85,260.5,118,22.14,199.5,109,8.98,12.3,2,3.32,2
PA,96,415,337-1761,no,yes,28,66.6,147,11.32,297,121,25.25,144.2,106,6.49,13,3,3.51,2
MA,95,415,396-4480,no,no,0,186.4,85,31.69,173.4,100,14.74,294.7,73,13.26,9.1,5,2.46,1
RI,158,510,351-2839,no,no,0,245.1,68,41.67,195.8,100,16.64,244.2,80,10.99,11.5,4,3.11,2
TX,14,415,336-2264,no,no,0,271.9,104,46.22,171.4,104,14.57,239.2,111,10.76,13.8,4,3.73,2
WI,154,510,388-4326,no,no,0,94.5,97,16.07,178.2,127,15.15,230.2,99,10.36,9.2,3,2.48,2
PA,78,408,419-2467,no,yes,28,246,136,41.82,147.5,99,12.54,118.8,99,5.35,4,2,1.08,2
WY,101,415,347-2481,no,yes,24,240.5,103,40.89,280.5,78,23.84,212.8,69,9.58,10.4,5,2.81,2
LA,24,415,358-2875,yes,no,0,230.5,126,39.19,184.7,128,15.7,159.1,152,7.16,10.6,3,2.86,1
FL,36,510,409-6092,no,no,0,195.5,77,33.24,156.3,108,13.29,217.8,133,9.8,7.3,2,1.97,1
MO,140,510,419-9250,no,no,0,201.9,114,34.32,181.7,97,15.44,184.5,122,8.3,12.1,10,3.27,0
SC,139,510,345-9837,no,no,0,201.8,121,34.31,238.6,89,20.28,174.1,151,7.83,13.5,4,3.65,1
ME,122,510,421-2652,no,no,0,265.7,130,45.17,47.3,116,4.02,140.3,103,6.31,8.7,1,2.35,3
IN,63,510,412-6050,no,no,0,6.6,107,1.12,359.3,142,30.54,252.5,131,11.36,5.6,3,1.51,0
OH,108,415,361-4305,no,yes,30,126,124,21.42,202.4,84,17.2,186.4,99,8.39,8.6,1,2.32,1
ND,152,408,372-4073,no,no,0,298.1,113,50.68,228,119,19.38,228.1,98,10.26,8.2,4,2.21,4
NE,76,510,340-4491,no,no,0,143.3,98,24.36,309.1,101,26.27,207.3,122,9.33,11.4,3,3.08,2
UT,51,408,406-9445,no,yes,0,212.9,80,36.19,236.1,57,20.07,187.6,99,8.44,8.8,4,2.38,2
ND,181,510,389-9887,no,yes,16,196,85,33.32,107.1,119,9.1,205.9,110,9.27,9.7,1,2.62,1
WY,141,408,416-7124,no,no,0,301.4,87,51.24,269.2,111,22.88,148.6,95,6.69,14.4,5,3.89,0
NJ,77,415,376-7004,yes,no,0,323.7,106,55.03,139.2,99,11.83,204.4,89,9.2,8.5,3,2.3,6
MN,120,415,357-1102,no,no,0,198,101,33.66,190.2,74,16.17,241.2,105,10.85,8.3,10,2.24,4
WA,62,415,395-9139,yes,no,0,180.9,121,30.75,134.3,107,11.42,179.3,74,8.07,8.6,2,2.32,2
ME,89,415,373-5950,no,no,0,242.5,71,41.23,213.3,109,18.13,231,84,10.4,6.3,3,1.7,3
OR,132,510,374-1198,no,no,0,265.8,122,45.19,285.1,90,24.23,183.6,124,8.26,13.6,9,3.67,2
AR,73,415,360-5514,no,no,0,184.7,109,31.4,161.3,108,13.71,148.8,103,6.7,11.3,4,3.05,2
NH,114,510,386-8818,yes,yes,28,136.4,93,23.19,170,90,14.45,191.5,73,8.62,14.6,4,3.94,2
MO,154,415,365-3109,no,no,0,162,87,27.54,199.5,147,16.96,243,66,10.93,1.1,5,0.3,1
ID,110,415,420-7053,no,no,0,170.1,87,28.92,216.6,98,18.41,225,88,10.13,10.8,3,2.92,2
NC,92,408,335-3391,no,no,0,192.1,87,32.66,193,122,16.41,133.4,79,6,10.7,2,2.89,1
GA,122,408,341-8645,no,no,0,93.3,109,15.86,214.4,104,18.22,176.7,104,7.95,12.1,2,3.27,0
LA,96,408,347-4427,no,no,0,102.1,74,17.36,93.7,88,7.96,236.2,125,10.63,14,2,3.78,1
AR,93,415,411-9580,no,no,0,131.9,91,22.42,203.8,92,17.32,205.6,121,9.25,6.8,3,1.84,1
WA,80,510,397-4475,no,no,0,157,101,26.69,208.8,127,17.75,113.3,109,5.1,16.2,2,4.37,2
AZ,97,510,410-3888,no,no,0,252.6,89,42.94,340.3,91,28.93,256.5,67,11.54,8.8,5,2.38,1
