fixed_acidity,volatile_acidity,citric_acid,residual_sugar,chlorides,free_sulfur_dioxide,total_sulfur_dioxide,density,pH,sulphates,alcohol,quality
7.5,0.5,0.36,6.1,0.071,17,102,0.9978,3.35,0.8,10.5,5
8.9,0.22,0.48,1.8,0.077,29,60,0.9968,3.39,0.53,9.4,6
6.9,0.4,0.14,2.4,0.085,21,40,0.9968,3.43,0.63,9.7,6
6.3,0.39,0.16,1.4,0.08,11,23,0.9955,3.34,0.56,9.3,5
6.9,0.605,0.12,10.7,0.073,40,83,0.9993,3.45,0.52,9.4,6
7.8,0.6,0.14,2.4,0.086,3,15,0.9975,3.42,0.6,10.8,6
8.1,0.66,0.22,2.2,0.069,9,23,0.9968,3.3,1.2,10.3,5
8.8,0.66,0.26,1.7,0.074,4,23,0.9971,3.15,0.74,9.2,5
8.6,0.38,0.36,3,0.081,30,119,0.997,3.2,0.56,9.4,5
7.3,0.39,0.31,2.4,0.074,9,46,0.9962,3.41,0.54,9.4,6
7.7,0.63,0.08,1.9,0.076,15,27,0.9967,3.32,0.54,9.5,6
7.4,0.5,0.47,2,0.086,21,73,0.997,3.36,0.57,9.1,5
7.3,0.67,0.26,1.8,0.401,16,51,0.9969,3.16,1.14,9.4,5
9.3,0.39,0.44,2.1,0.107,34,125,0.9978,3.14,1.22,9.5,5
8.6,0.49,0.29,2,0.11,19,133,0.9972,2.93,1.98,9.8,5
7,0.5,0.25,2,0.07,3,22,0.9963,3.25,0.63,9.2,5
8.1,0.575,0.22,2.1,0.077,12,65,0.9967,3.29,0.51,9.2,5
6.2,0.63,0.31,1.7,0.088,15,64,0.9969,3.46,0.79,9.3,5
8,0.33,0.53,2.5,0.091,18,80,0.9976,3.37,0.8,9.6,6
8.4,0.62,0.09,2.2,0.084,11,108,0.9964,3.15,0.66,9.8,5
8.4,0.6,0.1,2.2,0.085,14,111,0.9964,3.15,0.66,9.8,5
7.8,0.56,0.19,1.8,0.104,12,47,0.9964,3.19,0.93,9.5,5
9.4,0.4,0.31,2.2,0.09,13,62,0.9966,3.07,0.63,10.5,6
7.8,0.56,0.12,2,0.082,7,28,0.997,3.37,0.5,9.4,6
8,0.71,0,2.6,0.08,11,34,0.9976,3.44,0.53,9.5,5
9,0.62,0.04,1.9,0.146,27,90,0.9984,3.16,0.7,9.4,5
8.1,1.33,0,1.8,0.082,3,12,0.9964,3.54,0.48,10.9,5
5.6,0.5,0.09,2.3,0.049,17,99,0.9937,3.63,0.63,13,5
6.6,0.5,0.01,1.5,0.06,17,26,0.9952,3.4,0.58,9.8,6
8.3,0.715,0.15,1.8,0.089,10,52,0.9968,3.23,0.77,9.5,5
7.5,0.6,0.03,1.8,0.095,25,99,0.995,3.35,0.54,10.1,5
7.1,0.43,0.42,5.5,0.071,28,128,0.9973,3.42,0.71,10.5,5
7.1,0.68,0,2.2,0.073,12,22,0.9969,3.48,0.5,9.3,5
7.6,0.68,0.02,1.3,0.072,9,20,0.9965,3.17,1.08,9.2,4
6.8,0.64,0.1,2.1,0.085,18,101,0.9956,3.34,0.52,10.2,5
7.3,0.38,0.21,2,0.08,7,35,0.9961,3.33,0.47,9.5,5
7.5,0.52,0.42,2.3,0.087,8,38,0.9972,3.58,0.61,10.5,6
8.8,0.61,0.14,2.4,0.067,10,42,0.9969,3.19,0.59,9.5,5
8.9,0.61,0.49,2,0.27,23,110,0.9972,3.12,1.02,9.3,5
8.2,0.5,0.35,2.9,0.077,21,127,0.9976,3.23,0.62,9.4,5
6.4,0.37,0.25,1.9,0.074,21,49,0.9974,3.57,0.62,9.8,6
7.6,0.55,0.21,2.2,0.071,7,28,0.9964,3.28,0.55,9.7,5
5.4,0.835,0.08,1.2,0.046,13,93,0.9924,3.57,0.85,13,7
9.6,0.32,0.47,1.4,0.056,9,24,0.99695,3.22,0.82,10.3,7
7.8,0.44,0.28,2.7,0.1,18,95,0.9966,3.22,0.67,9.4,5
11.6,0.44,0.64,2.1,0.059,5,15,0.998,3.21,0.67,10.2,6
8.7,0.625,0.16,2,0.101,13,49,0.9962,3.14,0.57,11,5
7.8,0.34,0.37,2,0.082,24,58,0.9964,3.34,0.59,9.4,6
9,0.82,0.14,2.6,0.089,9,23,0.9984,3.39,0.63,9.8,5
7.7,0.43,0.25,2.6,0.073,29,63,0.99615,3.37,0.58,10.5,6
6.9,0.52,0.25,2.6,0.081,10,37,0.99685,3.46,0.5,11,5
8.2,1,0.09,2.3,0.065,7,37,0.99685,3.32,0.55,9,6
8.9,0.635,0.37,1.7,0.263,5,62,0.9971,3,1.09,9.3,5
12,0.38,0.56,2.1,0.093,6,24,0.99925,3.14,0.71,10.9,6
7.7,0.775,0.42,1.9,0.092,8,86,0.9959,3.23,0.59,9.5,5
8,0.57,0.23,3.2,0.073,17,119,0.99675,3.26,0.57,9.3,5
7.7,0.41,0.76,1.8,0.611,8,45,0.9968,3.06,1.26,9.4,5
7.9,0.33,0.23,1.7,0.077,18,45,0.99625,3.29,0.65,9.3,5
8,0.52,0.03,1.7,0.07,10,35,0.99575,3.34,0.57,10,5
11.5,0.18,0.51,4,0.104,4,23,0.9996,3.28,0.97,10.1,6
11.5,0.18,0.51,4,0.104,4,23,0.9996,3.28,0.97,10.1,6
8.9,0.4,0.32,5.6,0.087,10,47,0.9991,3.38,0.77,10.5,7
11.4,0.26,0.44,3.6,0.071,6,19,0.9986,3.12,0.82,9.3,6
7.7,0.27,0.68,3.5,0.358,5,10,0.9972,3.25,1.08,9.9,7
7.6,0.52,0.12,3,0.067,12,53,0.9971,3.36,0.57,9.1,5
8.7,0.52,0.09,2.5,0.091,20,49,0.9976,3.34,0.86,10.6,7
10.8,0.5,0.46,2.5,0.073,5,27,1.0001,3.05,0.64,9.5,5
7.2,0.65,0.02,2.3,0.094,5,31,0.9993,3.67,0.8,9.7,5
7.4,0.67,0.12,1.6,0.186,5,21,0.996,3.39,0.54,9.5,5
7.6,0.62,0.32,2.2,0.082,7,54,0.9966,3.36,0.52,9.4,5
10.3,0.43,0.44,2.4,0.214,5,12,0.9994,3.19,0.63,9.5,6
7.4,0.29,0.38,1.7,0.062,9,30,0.9968,3.41,0.53,9.5,6
9.8,0.66,0.39,3.2,0.083,21,59,0.9989,3.37,0.71,11.5,7
9.8,0.66,0.39,3.2,0.083,21,59,0.9989,3.37,0.71,11.5,7
9.3,0.61,0.26,3.4,0.09,25,87,0.99975,3.24,0.62,9.7,5
10.3,0.59,0.42,2.8,0.09,35,73,0.999,3.28,0.7,9.5,6
8.4,0.56,0.08,2.1,0.105,16,44,0.9958,3.13,0.52,11,5
8.9,0.43,0.45,1.9,0.052,6,16,0.9948,3.35,0.7,12.5,6
10.9,0.39,0.47,1.8,0.118,6,14,0.9982,3.3,0.75,9.8,6
10.9,0.39,0.47,1.8,0.118,6,14,0.9982,3.3,0.75,9.8,6
6.6,0.815,0.02,2.7,0.072,17,34,0.9955,3.58,0.89,12.3,7
11.5,0.41,0.52,3,0.08,29,55,1.0001,3.26,0.88,11,5
6.9,0.765,0.02,2.3,0.063,35,63,0.9975,3.57,0.78,9.9,5
9.1,0.28,0.48,1.8,0.067,26,46,0.9967,3.32,1.04,10.6,6
12.5,0.46,0.49,4.5,0.07,26,49,0.9981,3.05,0.57,9.6,4
10.6,0.48,0.64,2.2,0.111,6,20,0.997,3.26,0.66,11.7,6
10.5,0.24,0.47,2.1,0.066,6,24,0.9978,3.15,0.9,11,7
9.1,0.52,0.33,1.3,0.07,9,30,0.9978,3.24,0.6,9.3,5
10.4,0.41,0.55,3.2,0.076,22,54,0.9996,3.15,0.89,9.9,6
10.4,0.41,0.55,3.2,0.076,22,54,0.9996,3.15,0.89,9.9,6
12.6,0.31,0.72,2.2,0.072,6,29,0.9987,2.88,0.82,9.8,8
11.9,0.39,0.69,2.8,0.095,17,35,0.9994,3.1,0.61,10.8,6
6.8,0.56,0.03,1.7,0.084,18,35,0.9968,3.44,0.63,10,6
11.3,0.62,0.67,5.2,0.086,6,19,0.9988,3.22,0.69,13.4,8
10,0.29,0.4,2.9,0.098,10,26,1.0006,3.48,0.91,9.7,5
10.3,0.5,0.42,2,0.069,21,51,0.9982,3.16,0.72,11.5,6
11.4,0.36,0.69,2.1,0.09,6,21,1,3.17,0.62,9.2,6
9.9,0.35,0.55,2.1,0.062,5,14,0.9971,3.26,0.79,10.6,5
9.6,0.68,0.24,2.2,0.087,5,28,0.9988,3.14,0.6,10.2,5
10.6,0.36,0.59,2.2,0.152,6,18,0.9986,3.04,1.05,9.4,5
9.3,0.775,0.27,2.8,0.078,24,56,0.9984,3.31,0.67,10.6,6
8.7,0.69,0.31,3,0.086,23,81,1.0002,3.48,0.74,11.6,6
10.7,0.35,0.53,2.6,0.07,5,16,0.9972,3.15,0.65,11,8
10.5,0.26,0.47,1.9,0.078,6,24,0.9976,3.18,1.04,10.9,7
11.2,0.67,0.55,2.3,0.084,6,13,1,3.17,0.71,9.5,6
8.2,0.39,0.49,2.3,0.099,47,133,0.9979,3.38,0.99,9.8,5
10.4,0.64,0.24,2.8,0.105,29,53,0.9998,3.24,0.67,9.9,5
9.1,0.22,0.24,2.1,0.078,1,28,0.999,3.41,0.87,10.3,6
9.2,0.59,0.24,3.3,0.101,20,47,0.9988,3.26,0.67,9.6,5
9.5,0.46,0.49,6.3,0.064,5,17,0.9988,3.21,0.73,11,6
11.2,0.66,0.24,2.5,0.085,16,53,0.9993,3.06,0.72,11,6
9.5,0.46,0.24,2.7,0.092,14,44,0.998,3.12,0.74,10,6
10.9,0.53,0.49,4.6,0.118,10,17,1.0002,3.07,0.56,11.7,6
9,0.54,0.49,2.9,0.094,41,110,0.9982,3.08,0.61,9.2,5
7.6,0.29,0.49,2.7,0.092,25,60,0.9971,3.31,0.61,10.1,6
8.7,0.7,0.24,2.5,0.226,5,15,0.9991,3.32,0.6,9,6
8.7,0.7,0.24,2.5,0.226,5,15,0.9991,3.32,0.6,9,6
10.5,0.59,0.49,2.1,0.07,14,47,0.9991,3.3,0.56,9.6,4
5,0.42,0.24,2,0.06,19,50,0.9917,3.72,0.74,14,8
9,0.45,0.49,2.6,0.084,21,75,0.9987,3.35,0.57,9.7,5
6.6,0.39,0.49,1.7,0.07,23,149,0.9922,3.12,0.5,11.5,6
9.9,0.49,0.58,3.5,0.094,9,43,1.0004,3.29,0.58,9,5
8.5,0.585,0.18,2.1,0.078,5,30,0.9967,3.2,0.48,9.8,6
12.7,0.59,0.45,2.3,0.082,11,22,1,3,0.7,9.3,6
13.2,0.46,0.52,2.2,0.071,12,35,1.0006,3.1,0.56,9,6
8.8,0.24,0.54,2.5,0.083,25,57,0.9983,3.39,0.54,9.2,5
13.2,0.38,0.55,2.7,0.081,5,16,1.0006,2.98,0.54,9.4,5
7.5,0.64,0,2.4,0.077,18,29,0.9965,3.32,0.6,10,6
8.2,0.56,0.23,3.4,0.078,14,104,0.9976,3.28,0.62,9.4,5
10,0.58,0.22,1.9,0.08,9,32,0.9974,3.13,0.55,9.5,5
8.8,0.6,0.29,2.2,0.098,5,15,0.9988,3.36,0.49,9.1,5
9.6,0.88,0.28,2.4,0.086,30,147,0.9979,3.24,0.53,9.4,5
9.5,0.885,0.27,2.3,0.084,31,145,0.9978,3.24,0.53,9.4,5
9.9,0.54,0.45,2.3,0.071,16,40,0.9991,3.39,0.62,9.4,5
8.3,0.845,0.01,2.2,0.07,5,14,0.9967,3.32,0.58,11,4
8.7,0.48,0.3,2.8,0.066,10,28,0.9964,3.33,0.67,11.2,7
9.8,0.88,0.25,2.5,0.104,35,155,1.001,3.41,0.67,11.2,5
15.9,0.36,0.65,7.5,0.096,22,71,0.9976,2.98,0.84,14.9,5
12,0.5,0.59,1.4,0.073,23,42,0.998,2.92,0.68,10.5,7
7.2,0.57,0.06,1.6,0.076,9,27,0.9972,3.36,0.7,9.6,6
11.3,0.34,0.45,2,0.082,6,15,0.9988,2.94,0.66,9.2,6
11.3,0.34,0.45,2,0.082,6,15,0.9988,2.94,0.66,9.2,6
10.8,0.4,0.41,2.2,0.084,7,17,0.9984,3.08,0.67,9.3,6
7.4,1.185,0,4.25,0.097,5,14,0.9966,3.63,0.54,10.7,3
8.6,0.49,0.51,2,0.422,16,62,0.9979,3.03,1.17,9,5
11.8,0.38,0.55,2.1,0.071,5,19,0.9986,3.11,0.62,10.8,6
9.9,0.74,0.28,2.6,0.078,21,77,0.998,3.28,0.51,9.8,5
8.9,0.48,0.24,2.85,0.094,35,106,0.9982,3.1,0.53,9.2,5
7.1,0.31,0.3,2.2,0.053,36,127,0.9965,2.94,1.62,9.5,5
9,0.66,0.17,3,0.077,5,13,0.9976,3.29,0.55,10.4,5
8.9,0.875,0.13,3.45,0.088,4,14,0.9994,3.44,0.52,11.5,5
7.3,0.835,0.03,2.1,0.092,10,19,0.9966,3.39,0.47,9.6,5
7.7,0.965,0.1,2.1,0.112,11,22,0.9963,3.26,0.5,9.5,5
11.6,0.41,0.58,2.8,0.096,25,101,1.00024,3.13,0.53,10,5
7.2,0.5,0.18,2.1,0.071,12,31,0.99761,3.52,0.72,9.6,6
8.3,0.65,0.1,2.9,0.089,17,40,0.99803,3.29,0.55,9.5,5
8.1,0.87,0,2.2,0.084,10,31,0.99656,3.25,0.5,9.8,5
9.2,0.67,0.1,3,0.091,12,48,0.99888,3.31,0.54,9.5,6
8.8,0.59,0.18,2.9,0.089,12,74,0.99738,3.14,0.54,9.4,5
7.9,0.72,0.01,1.9,0.076,7,32,0.99668,3.39,0.54,9.6,5
7.2,1,0,3,0.102,7,16,0.99586,3.43,0.46,10,5
6.5,0.46,0.14,2.4,0.114,9,37,0.99732,3.66,0.65,9.8,5
7.1,0.59,0.01,2.5,0.077,20,85,0.99746,3.55,0.59,9.8,5
8.8,0.64,0.17,2.9,0.084,25,130,0.99818,3.23,0.54,9.6,5
10.1,0.27,0.54,2.3,0.065,7,26,0.99531,3.17,0.53,12.5,6
8.2,0.28,0.4,2.4,0.052,4,10,0.99356,3.33,0.7,12.8,7
7.4,0.53,0.12,1.9,0.165,4,12,0.99702,3.26,0.86,9.2,5
12.9,0.5,0.55,2.8,0.072,7,24,1.00012,3.09,0.68,10.9,6
10.8,0.45,0.33,2.5,0.099,20,38,0.99818,3.24,0.71,10.8,5
10.8,0.29,0.42,1.6,0.084,19,27,0.99545,3.28,0.73,11.9,6
4.9,0.42,0,2.1,0.048,16,42,0.99154,3.71,0.74,14,7
6.7,0.54,0.13,2,0.076,15,36,0.9973,3.61,0.64,9.8,5
7.1,0.48,0.28,2.8,0.068,6,16,0.99682,3.24,0.53,10.3,5
5.9,0.61,0.08,2.1,0.071,16,24,0.99376,3.56,0.77,11.1,6
10.4,0.44,0.42,1.5,0.145,34,48,0.99832,3.38,0.86,9.9,3
11.1,0.42,0.47,2.65,0.085,9,34,0.99736,3.24,0.77,12.1,7
9.3,0.36,0.39,1.5,0.08,41,55,0.99652,3.47,0.73,10.9,6
7.5,0.42,0.32,2.7,0.067,7,25,0.99628,3.24,0.44,10.4,5
7.2,0.62,0.06,2.5,0.078,17,84,0.99746,3.51,0.53,9.7,5
10.4,0.38,0.46,2.1,0.104,6,10,0.99664,3.12,0.65,11.8,7
7.1,0.47,0,2.2,0.067,7,14,0.99517,3.4,0.58,10.9,4
7.2,0.6,0.04,2.5,0.076,18,88,0.99745,3.53,0.55,9.5,5
8.3,0.31,0.39,2.4,0.078,17,43,0.99444,3.31,0.77,12.5,7
8.3,0.31,0.39,2.4,0.078,17,43,0.99444,3.31,0.77,12.5,7
7.4,0.635,0.1,2.4,0.08,16,33,0.99736,3.58,0.69,10.8,7
9.2,0.58,0.2,3,0.081,15,115,0.998,3.23,0.59,9.5,5
7.2,0.54,0.27,2.6,0.084,12,78,0.9964,3.39,0.71,11,5
9.1,0.28,0.46,9,0.114,3,9,0.99901,3.18,0.6,10.9,6
8.6,0.315,0.4,2.2,0.079,3,6,0.99512,3.27,0.67,11.9,6
9.6,0.41,0.37,2.3,0.091,10,23,0.99786,3.24,0.56,10.5,5
8.6,0.22,0.36,1.9,0.064,53,77,0.99604,3.47,0.87,11,7
9.4,0.24,0.33,2.3,0.061,52,73,0.99786,3.47,0.9,10.2,6
8.6,0.47,0.27,2.3,0.055,14,28,0.99516,3.18,0.8,11.2,5
7.6,0.4,0.29,1.9,0.078,29,66,0.9971,3.45,0.59,9.5,6
9.6,0.33,0.52,2.2,0.074,13,25,0.99509,3.36,0.76,12.4,7
10.1,0.43,0.4,2.6,0.092,13,52,0.99834,3.22,0.64,10,7
8.9,0.12,0.45,1.8,0.075,10,21,0.99552,3.41,0.76,11.9,7
8.3,0.28,0.48,2.1,0.093,6,12,0.99408,3.26,0.62,12.4,7
8,0.59,0.05,2,0.089,12,32,0.99735,3.36,0.61,10,5
6.6,0.57,0.02,2.1,0.115,6,16,0.99654,3.38,0.69,9.5,5
7.3,0.52,0.32,2.1,0.07,51,70,0.99418,3.34,0.82,12.9,6
9.1,0.5,0.3,1.9,0.065,8,17,0.99774,3.32,0.71,10.5,6
7.7,0.39,0.12,1.7,0.097,19,27,0.99596,3.16,0.49,9.4,5
6.5,0.4,0.1,2,0.076,30,47,0.99554,3.36,0.48,9.4,6
8.9,0.84,0.34,1.4,0.05,4,10,0.99554,3.12,0.48,9.1,6
9.1,0.29,0.33,2.05,0.063,13,27,0.99516,3.26,0.84,11.7,7
9.6,0.5,0.36,2.8,0.116,26,55,0.99722,3.18,0.68,10.9,5
8.9,0.38,0.4,2.2,0.068,12,28,0.99486,3.27,0.75,12.6,7
7,0.5,0.14,1.8,0.078,10,23,0.99636,3.53,0.61,10.4,5
11.3,0.36,0.66,2.4,0.123,3,8,0.99642,3.2,0.53,11.9,6
11.3,0.36,0.66,2.4,0.123,3,8,0.99642,3.2,0.53,11.9,6
7,0.51,0.09,2.1,0.062,4,9,0.99584,3.35,0.54,10.5,5
7.7,0.58,0.01,1.8,0.088,12,18,0.99568,3.32,0.56,10.5,7
7.3,0.55,0.01,1.8,0.093,9,15,0.99514,3.35,0.58,11,7
8.7,0.41,0.41,6.2,0.078,25,42,0.9953,3.24,0.77,12.6,7
8.9,0.5,0.21,2.2,0.088,21,39,0.99692,3.33,0.83,11.1,6
8.9,0.5,0.21,2.2,0.088,21,39,0.99692,3.33,0.83,11.1,6
7.6,0.78,0,1.7,0.076,33,45,0.99612,3.31,0.62,10.7,6
7.1,0.43,0.17,1.8,0.082,27,51,0.99634,3.49,0.64,10.4,5
9.3,0.5,0.36,1.8,0.084,6,17,0.99704,3.27,0.77,10.8,6
8.5,0.46,0.59,1.4,0.414,16,45,0.99702,3.03,1.34,9.2,5
5.6,0.605,0.05,2.4,0.073,19,25,0.99258,3.56,0.55,12.9,5
8.2,0.64,0.27,2,0.095,5,77,0.99747,3.13,0.62,9.1,6
11.6,0.23,0.57,1.8,0.074,3,8,0.9981,3.14,0.7,9.9,6
7.5,0.77,0.2,8.1,0.098,30,92,0.99892,3.2,0.58,9.2,5
8,0.62,0.33,2.7,0.088,16,37,0.9972,3.31,0.58,10.7,6
9.1,0.25,0.34,2,0.071,45,67,0.99769,3.44,0.86,10.2,7
7.9,0.3,0.68,8.3,0.05,37.5,278,0.99316,3.01,0.51,12.3,7
7.9,0.19,0.42,1.6,0.057,18,30,0.994,3.29,0.69,11.2,6
9.4,0.4,0.47,2.5,0.087,6,20,0.99772,3.15,0.5,10.5,5
8.6,0.52,0.38,1.5,0.096,5,18,0.99666,3.2,0.52,9.4,5
7.4,0.49,0.27,2.1,0.071,14,25,0.99388,3.35,0.63,12,6
7,0.69,0.07,2.5,0.091,15,21,0.99572,3.38,0.6,11.3,6
6.5,0.58,0,2.2,0.096,3,13,0.99557,3.62,0.62,11.5,4
5.9,0.19,0.21,1.7,0.045,57,135,0.99341,3.32,0.44,9.5,5
8,0.25,0.43,1.7,0.067,22,50,0.9946,3.38,0.6,11.9,6
10.4,0.52,0.45,2,0.08,6,13,0.99774,3.22,0.76,11.4,6
10.4,0.52,0.45,2,0.08,6,13,0.99774,3.22,0.76,11.4,6
6.9,0.45,0.11,2.4,0.043,6,12,0.99354,3.3,0.65,11.4,6
7,0.22,0.3,1.8,0.065,16,20,0.99672,3.61,0.82,10,6
7.3,0.32,0.23,2.3,0.066,35,70,0.99588,3.43,0.62,10.1,5
8.2,0.2,0.43,2.5,0.076,31,51,0.99672,3.53,0.81,10.4,6
8.3,0.6,0.25,2.2,0.118,9,38,0.99616,3.15,0.53,9.8,5
6.6,0.58,0,2.2,0.1,50,63,0.99544,3.59,0.68,11.4,6
5.1,0.51,0.18,2.1,0.042,16,101,0.9924,3.46,0.87,12.9,7
6.7,0.41,0.43,2.8,0.076,22,54,0.99572,3.42,1.16,10.6,6
8.5,0.44,0.5,1.9,0.369,15,38,0.99634,3.01,1.1,9.4,5
7.1,0.59,0,2.2,0.078,26,44,0.99522,3.42,0.68,10.8,6
9.8,0.39,0.43,1.65,0.068,5,11,0.99478,3.19,0.46,11.4,5
10.2,0.4,0.4,2.5,0.068,41,54,0.99754,3.38,0.86,10.5,6
8.8,0.955,0.05,1.8,0.075,5,19,0.99616,3.3,0.44,9.6,4
7.2,0.25,0.37,2.5,0.063,11,41,0.99439,3.52,0.8,12.4,7
9.9,0.74,0.19,5.8,0.111,33,76,0.99878,3.14,0.55,9.4,5
7.2,0.36,0.46,2.1,0.074,24,44,0.99534,3.4,0.85,11,7
6.2,0.39,0.43,2,0.071,14,24,0.99428,3.45,0.87,11.2,7
6.8,0.65,0.02,2.1,0.078,8,15,0.99498,3.35,0.62,10.4,6
7.5,0.58,0.03,4.1,0.08,27,46,0.99592,3.02,0.47,9.2,5
9,0.58,0.25,2,0.104,8,21,0.99769,3.27,0.72,9.6,5
8.1,0.73,0,2.5,0.081,12,24,0.99798,3.38,0.46,9.6,4
6.9,0.41,0.33,2.2,0.081,22,36,0.9949,3.41,0.75,11.1,6
7.1,0.6,0.01,2.3,0.079,24,37,0.99514,3.4,0.61,10.9,6
7.5,0.58,0.14,2.2,0.077,27,60,0.9963,3.28,0.59,9.8,5
7.9,0.66,0,1.4,0.096,6,13,0.99569,3.43,0.58,9.5,5
7.8,0.7,0.06,1.9,0.079,20,35,0.99628,3.4,0.69,10.9,5
6.8,0.64,0,2.7,0.123,15,33,0.99538,3.44,0.63,11.3,6
6.3,1.02,0,2,0.083,17,24,0.99437,3.59,0.55,11.2,4
5,0.38,0.01,1.6,0.048,26,60,0.99084,3.7,0.75,14,6
7,0.69,0,1.9,0.114,3,10,0.99636,3.35,0.6,9.7,6
7.1,0.16,0.44,2.5,0.068,17,31,0.99328,3.35,0.54,12.4,6
7,0.6,0.3,4.5,0.068,20,110,0.99914,3.3,1.17,10.2,5
7.6,0.74,0,1.9,0.1,6,12,0.99521,3.36,0.59,11,5
7.5,0.755,0,1.9,0.084,6,12,0.99672,3.34,0.49,9.7,4
7.6,0.79,0.21,2.3,0.087,21,68,0.9955,3.12,0.44,9.2,5
7,0.36,0.21,2.4,0.086,24,69,0.99556,3.4,0.53,10.1,6
7.5,0.63,0.27,2,0.083,17,91,0.99616,3.26,0.58,9.8,6
9.9,0.44,0.46,2.2,0.091,10,41,0.99638,3.18,0.69,11.9,6
9.1,0.34,0.42,1.8,0.058,9,18,0.99392,3.18,0.55,11.4,5
9.1,0.36,0.39,1.8,0.06,21,55,0.99495,3.18,0.82,11,7
8.4,0.39,0.1,1.7,0.075,6,25,0.99581,3.09,0.43,9.7,6
9.1,0.775,0.22,2.2,0.079,12,48,0.9976,3.18,0.51,9.6,5
6.6,0.58,0.02,2.4,0.069,19,40,0.99387,3.38,0.66,12.6,6
6,0.5,0,1.4,0.057,15,26,0.99448,3.36,0.45,9.5,5
7.6,0.54,0.02,1.7,0.085,17,31,0.99589,3.37,0.51,10.4,6
7.2,0.58,0.03,2.3,0.077,7,28,0.99568,3.35,0.52,10,5
6.1,0.34,0.25,1.8,0.084,4,28,0.99464,3.36,0.44,10.1,5
11.6,0.475,0.4,1.4,0.091,6,28,0.99704,3.07,0.65,10.03333333,6
6.6,0.61,0,1.6,0.069,4,8,0.99396,3.33,0.37,10.4,4
8.2,0.885,0.2,1.4,0.086,7,31,0.9946,3.11,0.46,10,5
7.5,0.57,0.02,2.6,0.077,11,35,0.99557,3.36,0.62,10.8,6
8,0.6,0.22,2.1,0.08,25,105,0.99613,3.3,0.49,9.9,5
8,0.81,0.25,3.4,0.076,34,85,0.99668,3.19,0.42,9.2,5
6.7,0.48,0.02,2.2,0.08,36,111,0.99524,3.1,0.53,9.7,5
8,0.64,0.22,2.4,0.094,5,33,0.99612,3.37,0.58,11,5
7,0.6,0.12,2.2,0.083,13,28,0.9966,3.52,0.62,10.2,7
7.2,0.33,0.33,1.7,0.061,3,13,0.996,3.23,1.1,10,8
8.2,0.24,0.34,5.1,0.062,8,22,0.9974,3.22,0.94,10.9,6
6,0.51,0,2.1,0.064,40,54,0.995,3.54,0.93,10.7,6
6.4,0.47,0.4,2.4,0.071,8,19,0.9963,3.56,0.73,10.6,6
7.5,0.4,0.18,1.6,0.079,24,58,0.9965,3.34,0.58,9.4,5
7.4,0.785,0.19,5.2,0.094,19,98,0.99713,3.16,0.52,9.566666667,6
6.9,0.63,0.02,1.9,0.078,18,30,0.99712,3.4,0.75,9.8,5
6.9,0.58,0.2,1.75,0.058,8,22,0.99322,3.38,0.49,11.7,5
7.3,0.67,0.02,2.2,0.072,31,92,0.99566,3.32,0.68,11.1,6
7.2,0.38,0.31,2,0.056,15,29,0.99472,3.23,0.76,11.3,8
7.8,0.32,0.44,2.7,0.104,8,17,0.99732,3.33,0.78,11,7
7.9,0.2,0.35,1.7,0.054,7,15,0.99458,3.32,0.8,11.9,7
6.8,0.59,0.1,1.7,0.063,34,53,0.9958,3.41,0.67,9.7,5
7.3,0.48,0.32,2.1,0.062,31,54,0.99728,3.3,0.65,10,7
6.7,1.04,0.08,2.3,0.067,19,32,0.99648,3.52,0.57,11,4
7.3,0.48,0.32,2.1,0.062,31,54,0.99728,3.3,0.65,10,7
9.9,0.5,0.5,13.8,0.205,48,82,1.00242,3.16,0.75,8.8,5
5.6,0.54,0.04,1.7,0.049,5,13,0.9942,3.72,0.58,11.4,5
5.6,0.54,0.04,1.7,0.049,5,13,0.9942,3.72,0.58,11.4,5
6.2,0.65,0.06,1.6,0.05,6,18,0.99348,3.57,0.54,11.95,5
7.5,0.725,0.04,1.5,0.076,8,15,0.99508,3.26,0.53,9.6,5
7.1,0.27,0.6,2.1,0.074,17,25,0.99814,3.38,0.72,10.6,6
7.9,0.18,0.4,1.8,0.062,7,20,0.9941,3.28,0.7,11.1,5
6.9,0.84,0.21,4.1,0.074,16,65,0.99842,3.53,0.72,9.25,6
6.6,0.44,0.09,2.2,0.063,9,18,0.99444,3.42,0.69,11.3,6
8,0.39,0.3,1.9,0.074,32,84,0.99717,3.39,0.61,9,5
5.4,0.58,0.08,1.9,0.059,20,31,0.99484,3.5,0.64,10.2,6
6.7,0.855,0.02,1.9,0.064,29,38,0.99472,3.3,0.56,10.75,6
8.4,0.37,0.43,2.3,0.063,12,19,0.9955,3.17,0.81,11.2,7
6.3,0.68,0.01,3.7,0.103,32,54,0.99586,3.51,0.66,11.3,6
7,0.56,0.17,1.7,0.065,15,24,0.99514,3.44,0.68,10.55,7
6.6,0.88,0.04,2.2,0.066,12,20,0.99636,3.53,0.56,9.9,5
6.7,0.16,0.64,2.1,0.059,24,52,0.99494,3.34,0.71,11.2,6
6.2,0.51,0.14,1.9,0.056,15,34,0.99396,3.48,0.57,11.5,6
7.5,0.52,0.4,2.2,0.06,12,20,0.99474,3.26,0.64,11.8,6
6.8,0.67,0.15,1.8,0.118,13,20,0.9954,3.42,0.67,11.3,6
6.2,0.46,0.29,2.1,0.074,32,98,0.99578,3.33,0.62,9.8,5
8.1,0.22,0.43,1.5,0.044,28,129,0.9938,3.22,0.45,11,6
8.6,0.23,0.4,4.2,0.035,17,109,0.9947,3.14,0.53,9.7,5
7.9,0.18,0.37,1.2,0.04,16,75,0.992,3.18,0.63,10.8,5
6.3,0.48,0.04,1.1,0.046,30,99,0.9928,3.24,0.36,9.6,6
6.9,0.24,0.35,1,0.052,35,146,0.993,3.45,0.44,10,6
7,0.28,0.39,8.7,0.051,32,141,0.9961,3.38,0.53,10.5,6
7.2,0.32,0.36,2,0.033,37,114,0.9906,3.1,0.71,12.3,7
8.5,0.24,0.39,10.4,0.044,20,142,0.9974,3.2,0.53,10,6
8.3,0.14,0.34,1.1,0.042,7,47,0.9934,3.47,0.4,10.2,6
6.2,0.12,0.34,1.5,0.045,43,117,0.9939,3.42,0.51,9,6
6.5,0.39,0.23,5.4,0.051,25,149,0.9934,3.24,0.35,10,5
7.4,0.18,0.31,1.4,0.058,38,167,0.9931,3.16,0.53,10,7
6.2,0.46,0.25,4.4,0.066,62,207,0.9939,3.25,0.52,9.8,5
7,0.31,0.26,7.4,0.069,28,160,0.9954,3.13,0.46,9.8,6
6.8,0.2,0.59,0.9,0.147,38,132,0.993,3.05,0.38,9.1,6
7.2,0.21,0.34,11.9,0.043,37,213,0.9962,3.09,0.5,9.6,6
6.6,0.38,0.15,4.6,0.044,25,78,0.9931,3.11,0.38,10.2,6
7.4,0.2,0.36,1.2,0.038,44,111,0.9926,3.36,0.34,9.9,6
7,0.47,0.07,1.1,0.035,17,151,0.991,3.02,0.34,10.5,5
6.2,0.35,0.03,1.2,0.064,29,120,0.9934,3.22,0.54,9.1,5
6.7,0.25,0.13,1.2,0.041,81,174,0.992,3.14,0.42,9.8,5
7.4,0.24,0.29,10.1,0.05,21,105,0.9962,3.13,0.35,9.5,5
6.2,0.27,0.43,7.8,0.056,48,244,0.9956,3.1,0.51,9,6
7.1,0.2,0.34,16,0.05,51,166,0.9985,3.21,0.6,9.2,6
7.1,0.44,0.62,11.8,0.044,52,152,0.9975,3.12,0.46,8.7,6
7.2,0.39,0.63,11,0.044,55,156,0.9974,3.09,0.44,8.7,6
6.1,0.27,0.43,7.5,0.049,65,243,0.9957,3.12,0.47,9,5
6.9,0.24,0.33,1.7,0.035,47,136,0.99,3.26,0.4,12.6,7
6.9,0.21,0.33,1.8,0.034,48,136,0.9899,3.25,0.41,12.6,7
7.5,0.17,0.32,1.7,0.04,51,148,0.9916,3.21,0.44,11.5,7
7.1,0.26,0.29,12.4,0.044,62,240,0.9969,3.04,0.42,9.2,6
8.6,0.265,0.36,1.2,0.034,15,80,0.9913,2.95,0.36,11.4,7
6,0.21,0.24,12.1,0.05,55,164,0.997,3.34,0.39,9.4,5
6.5,0.17,0.54,8.5,0.082,64,163,0.9959,2.89,0.39,8.8,6
7.2,0.27,0.46,18.75,0.052,45,255,1,3.04,0.52,8.9,5
7.2,0.31,0.5,13.3,0.056,68,195,0.9982,3.01,0.47,9.2,5
5.5,0.485,0,1.5,0.065,8,103,0.994,3.63,0.4,9.7,4
7,0.14,0.4,1.7,0.035,16,85,0.9911,3.19,0.42,11.8,6
7.2,0.31,0.5,13.3,0.056,68,195,0.9982,3.01,0.47,9.2,5
5.9,0.36,0.04,5.7,0.046,21,87,0.9934,3.22,0.51,10.2,5
6.5,0.24,0.32,7.6,0.038,48,203,0.9958,3.45,0.54,9.7,7
6.1,0.3,0.56,2.8,0.044,47,179,0.9924,3.3,0.57,10.9,7
5.7,0.26,0.25,10.4,0.02,7,57,0.994,3.39,0.37,10.6,5
8.2,0.23,0.4,1.2,0.027,36,121,0.992,3.12,0.38,10.7,6
7.1,0.37,0.67,10.5,0.045,49,155,0.9975,3.16,0.44,8.7,5
6.4,0.595,0.14,5.2,0.058,15,97,0.9951,3.38,0.36,9,4
6.3,0.34,0.33,4.6,0.034,19,80,0.9917,3.38,0.58,12,7
6.9,0.25,0.3,4.1,0.054,23,116,0.994,2.99,0.38,9.4,6
8.2,0.23,0.4,7.5,0.049,12,76,0.9966,3.06,0.84,9.7,6
7.2,0.32,0.47,5.1,0.044,19,65,0.991,3.03,0.41,12.6,4
6,0.67,0.07,1.2,0.06,9,108,0.9931,3.11,0.35,8.7,4
7.1,0.34,0.15,1.2,0.053,61,183,0.9936,3.09,0.43,9.2,5
6.8,0.29,0.56,11.9,0.043,66,230,0.9972,3.02,0.63,9.3,5
5.9,0.3,0.23,4.2,0.038,42,119,0.9924,3.15,0.5,11,5
6.6,0.15,0.34,5.1,0.055,34,125,0.9942,3.36,0.42,9.6,5
6.1,0.4,0.31,0.9,0.048,23,170,0.993,3.22,0.77,9.5,6
7.5,0.27,0.36,7,0.036,45,164,0.9939,3.03,0.33,11,5
6.3,0.495,0.22,1.8,0.046,31,140,0.9929,3.39,0.54,10.4,6
7.1,0.24,0.41,17.8,0.046,39,145,0.9998,3.32,0.39,8.7,5
8.3,0.28,0.4,7.8,0.041,38,194,0.9976,3.34,0.51,9.6,6
7.2,0.23,0.38,14.3,0.058,55,194,0.9979,3.09,0.44,9,6
6.9,0.4,0.56,11.2,0.043,40,142,0.9975,3.14,0.46,8.7,5
6.3,0.35,0.3,5.7,0.035,8,97,0.9927,3.27,0.41,11,7
6.3,0.35,0.3,5.7,0.035,8,97,0.9927,3.27,0.41,11,7
6.4,0.23,0.39,1.8,0.032,23,118,0.9912,3.32,0.5,11.8,6
6.9,0.115,0.35,5.4,0.048,36,108,0.9939,3.32,0.42,10.2,6
5.4,0.59,0.07,7,0.045,36,147,0.9944,3.34,0.57,9.7,6
6.9,0.32,0.26,8.3,0.053,32,180,0.9965,3.25,0.51,9.2,6
7.3,0.32,0.25,7.2,0.056,47,180,0.9961,3.08,0.47,8.8,5
5.9,0.15,0.31,5.8,0.041,53,155,0.9945,3.52,0.46,10.5,6
7.4,0.28,0.42,19.8,0.066,53,195,1,2.96,0.44,9.1,5
6.2,0.28,0.22,7.3,0.041,26,157,0.9957,3.44,0.64,9.8,7
8.3,0.39,0.7,10.6,0.045,33,169,0.9976,3.09,0.57,9.4,5
7.3,0.41,0.24,6.8,0.057,41,163,0.9949,3.2,0.41,9.9,6
8.3,0.41,0.51,2,0.046,11,207,0.993,3.02,0.55,11.4,5
6.3,0.23,0.33,1.5,0.036,15,105,0.991,3.32,0.42,11.2,6
5.8,0.27,0.27,12.3,0.045,55,170,0.9972,3.28,0.42,9.3,6
5.9,0.26,0.4,1.3,0.047,12,139,0.9945,3.45,0.53,10.4,5
6.4,0.26,0.42,9.7,0.044,30,140,0.9962,3.18,0.47,9.1,6
7.8,0.18,0.46,13.6,0.052,38,118,0.998,3.15,0.5,10,6
6.3,0.12,0.36,2.1,0.044,47,146,0.9914,3.27,0.74,11.4,7
7.3,0.33,0.4,6.85,0.038,32,138,0.992,3.03,0.3,11.9,7
7.3,0.22,0.37,14.3,0.063,48,191,0.9978,2.89,0.38,9,6
7.3,0.22,0.37,14.3,0.063,48,191,0.9978,2.89,0.38,9,6
7.3,0.22,0.37,14.3,0.063,48,191,0.9978,2.89,0.38,9,6
6,0.18,0.27,1.5,0.089,40,143,0.9923,3.49,0.62,10.8,6
7.7,0.29,0.48,2.3,0.049,36,178,0.9931,3.17,0.64,10.6,6
7.7,0.29,0.48,2.3,0.049,36,178,0.9931,3.17,0.64,10.6,6
7.2,0.27,0.27,2.4,0.048,30,149,0.9936,3.1,0.51,9.2,6
5.1,0.33,0.22,1.6,0.027,18,89,0.9893,3.51,0.38,12.5,7
5.7,0.32,0.5,2.6,0.049,17,155,0.9927,3.22,0.64,10,6
7.2,0.27,0.27,2.4,0.048,30,149,0.9936,3.1,0.51,9.2,6
6.3,0.39,0.35,5.9,0.04,82.5,260,0.9941,3.12,0.66,10.1,5
6.1,0.55,0.15,9.8,0.031,19,125,0.9957,3.36,0.47,10.2,6
6.8,0.37,0.51,11.8,0.044,62,163,0.9976,3.19,0.44,8.8,5
7.2,0.19,0.39,1.2,0.036,32,85,0.9918,3.16,0.5,10.5,5
7.4,0.21,0.27,1.2,0.041,27,99,0.9927,3.19,0.33,9.8,6
7,0.21,0.28,8.7,0.045,37,222,0.9954,3.25,0.54,10.4,6
7.4,0.155,0.34,2.3,0.045,73.5,214,0.9934,3.18,0.61,9.9,7
6.7,0.22,0.37,1.6,0.028,24,102,0.9913,3.29,0.59,11.6,7
6,0.37,0.32,1,0.053,31,218.5,0.9924,3.29,0.72,9.8,6
6.1,0.43,0.35,9.1,0.059,83,249,0.9971,3.37,0.5,8.5,5
6.8,0.32,0.21,2.2,0.044,15,68,0.9932,3.17,0.39,9.4,6
6.6,0.24,0.29,2,0.023,19,86,0.99,3.25,0.45,12.5,6
7.1,0.55,0.13,1.7,0.073,21,165,0.994,2.97,0.58,9.2,6
6.7,0.47,0.34,8.9,0.043,31,172,0.9964,3.22,0.6,9.2,5
5.8,0.25,0.24,13.3,0.044,41,137,0.9972,3.34,0.42,9.5,5
7,0.28,0.36,1,0.035,8,70,0.9899,3.09,0.46,12.1,6
5.7,0.335,0.34,1,0.04,13,174,0.992,3.27,0.66,10,5
6.4,0.3,0.3,2.25,0.038,8,210,0.9937,3.2,0.62,9.9,6
7.8,0.18,0.31,12.2,0.053,46,140,0.998,3.06,0.53,8.9,6
5.9,0.62,0.28,3.5,0.039,55,152,0.9907,3.44,0.44,12,6
7.4,0.36,0.33,1.4,0.025,27,55,0.9915,3.21,0.33,11.2,6
7.8,0.28,0.32,9,0.036,34,115,0.9952,3.17,0.39,10.3,7
5.9,0.13,0.28,1.9,0.05,20,78,0.9918,3.43,0.64,10.8,6
7.9,0.19,0.26,2.1,0.039,8,143,0.9942,3.05,0.74,9.8,5
7.4,0.25,0.36,13.2,0.067,53,178,0.9976,3.01,0.48,9,6
7.4,0.25,0.36,13.2,0.067,53,178,0.9976,3.01,0.48,9,6
7.4,0.25,0.36,13.2,0.067,53,178,0.9976,3.01,0.48,9,6
6.1,0.24,0.3,1.5,0.045,22,61,0.992,3.31,0.54,10.4,5
5.5,0.35,0.35,1.1,0.045,14,167,0.992,3.34,0.68,9.9,6
6.3,0.26,0.24,7.2,0.039,38,172,0.9958,3.49,0.64,9.7,6
7.2,0.46,0.65,10.4,0.05,76,192,0.9976,3.16,0.42,8.7,5
8.4,0.35,0.71,12.2,0.046,22,160,0.9982,2.98,0.65,9.4,5
7.2,0.34,0.44,4.2,0.047,51,144,0.991,3.01,0.76,12.3,6
6.5,0.28,0.29,2.7,0.038,26,107,0.9912,3.32,0.41,11.6,7
7.4,0.41,0.66,10.8,0.051,77,194,0.9976,3.05,0.46,8.7,5
7.4,0.24,0.22,10.7,0.042,26,81,0.9954,2.86,0.36,9.7,6
6.9,0.28,0.27,2.1,0.036,42,121,0.9926,3.42,0.49,10.8,7
6.4,0.475,0.06,1,0.03,9,131,0.9904,2.97,0.29,10.8,5
6.3,0.27,0.38,0.9,0.051,7,140,0.9926,3.45,0.5,10.5,7
6.9,0.41,0.33,10.1,0.043,28,152,0.9968,3.2,0.52,9.4,5
6.3,0.26,0.49,1.5,0.052,34,134,0.9924,2.99,0.61,9.8,6
7.5,0.23,0.68,11,0.047,37,133,0.9978,2.99,0.38,8.8,5
7.7,0.24,0.27,1.8,0.051,52,190,0.9928,3.23,0.5,10.8,6
6.5,0.46,0.41,16.8,0.084,59,222,0.9993,3.18,0.58,9,5
7.2,0.24,0.34,1.1,0.045,3,64,0.9913,3.23,0.51,11.4,5
7.6,0.56,0.12,10.4,0.096,22,177,0.9983,3.32,0.45,9.1,4
6,0.29,0.2,12.6,0.045,45,187,0.9972,3.33,0.42,9.5,5
5.8,0.335,0.14,5.8,0.046,49,197,0.9937,3.3,0.71,10.3,5
6,0.32,0.12,5.9,0.041,34,190,0.9944,3.16,0.72,10,5
7.1,0.26,0.34,14.4,0.067,35,189,0.9986,3.07,0.53,9.1,7
7.3,0.34,0.21,3.2,0.05,14,136,0.9936,3.25,0.44,10.2,5
6.6,0.27,0.25,3.1,0.052,41,188,0.9915,3.24,0.4,11.3,5
6.8,0.25,0.34,14,0.032,47,133,0.9952,3.37,0.5,12.2,7
7,0.57,0.1,8.3,0.094,23,188,0.9972,3.4,0.47,9.2,4
5.9,0.25,0.25,11.3,0.052,30,165,0.997,3.24,0.44,9.5,6
6.4,0.27,0.32,4.5,0.24,61,174,0.9948,3.12,0.48,9.4,5
6.8,0.67,0.3,13,0.29,22,193,0.9984,3.08,0.67,9,4
6.1,0.36,0.16,6.4,0.037,36,198,0.9944,3.17,0.62,9.9,6
7.5,0.31,0.51,14.8,0.039,62,204,0.9982,3.06,0.6,9.5,5
6.6,0.38,0.18,1.2,0.042,20,84,0.9927,3.22,0.45,10.1,4
5.6,0.25,0.26,3.6,0.037,18,115,0.9904,3.42,0.5,12.6,6
6.2,0.31,0.21,6.3,0.041,50,218,0.9941,3.15,0.6,10,5
8.2,0.27,0.43,1.6,0.035,31,128,0.9916,3.1,0.5,12.3,6
7.4,0.29,0.5,1.8,0.042,35,127,0.9937,3.45,0.5,10.2,7
6.9,0.39,0.4,4.6,0.022,5,19,0.9915,3.31,0.37,12.6,3
7.4,0.2,1.66,2.1,0.022,34,113,0.99165,3.26,0.55,12.2,6
6.9,0.18,0.38,8.1,0.049,44,176,0.9958,3.3,0.54,9.8,6
7.2,0.29,0.4,7.6,0.024,56,177,0.9928,3.04,0.32,11.5,6
5.8,0.25,0.28,11.1,0.056,45,175,0.99755,3.42,0.43,9.5,5
6.9,0.18,0.38,8.1,0.049,44,176,0.9958,3.3,0.54,9.8,6
6.7,0.5,0.63,13.4,0.078,81,238,0.9988,3.08,0.44,9.2,5
6.7,0.11,0.34,8.8,0.043,41,113,0.9962,3.42,0.4,9.3,7
8.1,0.17,0.44,14.1,0.053,43,145,1.0006,3.28,0.75,8.8,8
7.7,0.34,0.28,11,0.04,31,117,0.99815,3.27,0.29,9.2,6
5.8,0.34,0.16,7,0.037,26,116,0.9949,3.46,0.45,10,7
5.9,0.24,0.3,2,0.033,28,92,0.99225,3.39,0.69,10.9,7
6.4,0.46,0.08,4.9,0.046,34,144,0.99445,3.1,0.56,10,5
6.4,0.35,0.28,1.1,0.055,9,160,0.99405,3.42,0.5,9.1,7
6.5,0.26,0.32,16.5,0.045,44,166,1,3.38,0.46,9.5,6
7.9,0.35,0.24,15.6,0.072,44,229,0.99785,3.03,0.59,10.5,6
7,0.21,0.37,7.2,0.042,36,167,0.9958,3.26,0.56,9.8,6
7.5,0.42,0.34,4.3,0.04,34,108,0.99155,3.14,0.45,12.8,8
7.6,0.33,0.35,6.3,0.036,12,126,0.9924,3.16,0.39,12,7
6.9,0.19,0.35,1.7,0.036,33,101,0.99315,3.21,0.54,10.8,7
7.3,0.21,0.29,1.6,0.034,29,118,0.9917,3.3,0.5,11,8
9.2,0.34,0.27,1.2,0.026,17,73,0.9921,3.08,0.39,10.8,5
6.9,0.19,0.35,1.7,0.036,33,101,0.99315,3.21,0.54,10.8,7
6.9,0.18,0.36,1.3,0.036,40,117,0.9934,3.27,0.95,9.5,7
6.6,0.3,0.3,4.8,0.17,60,166,0.9946,3.18,0.47,9.4,5
7.1,0.21,0.32,2.2,0.037,28,141,0.993,3.2,0.57,10,7
6.9,0.36,0.34,4.2,0.018,57,119,0.9898,3.28,0.36,12.7,9
6.5,0.3,0.32,2,0.044,34,90,0.99185,3.37,0.68,11,7
7,0.31,0.29,1.4,0.037,33,128,0.9896,3.12,0.36,12.2,7
6.8,0.18,0.28,8.5,0.047,52,242,0.9952,3.22,0.53,10.5,6
8.4,0.19,0.42,1.6,0.047,9,101,0.994,3.06,0.65,11.1,4
6.3,0.33,0.2,5.8,0.04,24,144,0.99425,3.15,0.63,9.9,5
8,0.32,0.26,1.2,0.05,11.5,88,0.9946,3.24,0.37,9.5,4
5.6,0.29,0.05,0.8,0.038,11,30,0.9924,3.36,0.35,9.2,5
6.3,0.27,0.23,2.9,0.047,13,100,0.9936,3.28,0.43,9.8,5
6.1,0.27,0.44,6.7,0.041,61,230,0.99505,3.12,0.4,8.9,5
6.2,0.35,0.29,7.3,0.044,56,244,0.9956,3.36,0.55,10,6
7.7,0.24,0.29,15.3,0.044,39,194,0.9982,3.06,0.47,9.6,7
5.4,0.415,0.19,1.6,0.039,27,88,0.99265,3.54,0.41,10,7
7.3,0.24,0.34,15.4,0.05,38,174,0.9983,3.03,0.42,9,6
7.3,0.24,0.34,15.4,0.05,38,174,0.9983,3.03,0.42,9,6
6.1,0.19,0.25,4,0.023,23,112,0.9923,3.37,0.51,11.6,6
5.9,0.26,0.21,12.5,0.034,36,152,0.9972,3.28,0.43,9.5,6
8.3,0.23,0.43,3.2,0.035,14,101,0.9928,3.15,0.36,11.5,5
6.5,0.34,0.28,1.8,0.041,43,188,0.9928,3.13,0.37,9.6,6
5.1,0.42,0.01,1.5,0.017,25,102,0.9894,3.38,0.36,12.3,7
6.8,0.22,0.35,17.5,0.039,38,153,0.9994,3.24,0.42,9,6
6.5,0.08,0.33,1.9,0.028,23,93,0.991,3.34,0.7,12,7
7.1,0.13,0.38,1.8,0.046,14,114,0.9925,3.32,0.9,11.7,6
6.6,0.13,0.3,4.9,0.058,47,131,0.9946,3.51,0.45,10.3,6
5.7,0.36,0.34,4.2,0.026,21,77,0.9907,3.41,0.45,11.9,6
6,0.41,0.21,1.9,0.05,29,122,0.9928,3.42,0.52,10.5,6
7.7,0.28,0.39,8.9,0.036,8,117,0.9935,3.06,0.38,12,7
6.1,0.24,0.27,9.8,0.062,33,152,0.9966,3.31,0.47,9.5,6
7.6,0.21,0.6,2.1,0.046,47,165,0.9936,3.05,0.54,10.1,7
5.8,0.36,0.26,3.3,0.038,40,153,0.9911,3.34,0.55,11.3,6
8.3,0.15,0.39,1.3,0.055,32,146,0.993,3.08,0.39,10.5,6
6.1,0.16,0.27,12.6,0.064,63,162,0.9994,3.66,0.43,8.9,5
7.6,0.39,0.22,2.8,0.036,19,113,0.9926,3.03,0.29,10.2,5
6.8,0.19,0.32,7.05,0.019,54,188,0.9935,3.25,0.37,11.1,8
7.6,0.19,0.38,10.6,0.06,48,174,0.9962,3.13,0.38,10.5,6
6.3,0.6,0.44,11,0.05,50,245,0.9972,3.19,0.57,9.3,4
7.5,0.17,0.37,1.5,0.06,18,75,0.9936,3.54,0.88,10.7,5
7.1,0.47,0.24,6,0.044,11,77,0.9956,3.21,0.56,9.7,5
7.5,0.17,0.34,1.4,0.035,13,102,0.9918,3.05,0.74,11,5
7.3,0.15,0.4,2,0.05,24,92,0.9932,3.14,0.45,10.5,5
6.5,0.19,0.1,1.3,0.046,23,107,0.9937,3.29,0.45,10,5
6.1,0.37,0.36,4.7,0.035,36,116,0.991,3.31,0.62,12.6,6
7.3,0.24,0.34,7.5,0.048,29,152,0.9962,3.1,0.54,9,5
7.5,0.21,0.34,1.2,0.06,26,111,0.9931,3.51,0.47,10.7,6
8.1,0.26,0.37,1.9,0.072,48,159,0.9949,3.37,0.7,10.9,6
7.5,0.19,0.34,2.6,0.037,33,125,0.9923,3.1,0.49,11.1,7
8,0.37,0.32,1.6,0.04,32,166,0.992,3,0.55,11.3,7
8.3,0.22,0.38,14.8,0.054,32,126,1.0002,3.22,0.5,9.7,5
6.3,0.27,0.25,5.8,0.038,52,155,0.995,3.28,0.38,9.4,6
6.3,0.23,0.21,5.1,0.035,29,142,0.9942,3.36,0.33,10.1,7
6.3,0.17,0.42,2.8,0.028,45,107,0.9908,3.27,0.43,11.8,6
7.9,0.29,0.39,6.7,0.036,6,117,0.9938,3.12,0.42,10.7,5
7.2,0.37,0.15,2,0.029,27,87,0.9903,3.3,0.59,12.6,7
6.1,0.29,0.27,1.7,0.024,13,76,0.9893,3.21,0.51,12.6,7
5.9,0.415,0.13,1.4,0.04,11,64,0.9922,3.29,0.52,10.5,5
6.4,0.5,0.16,12.9,0.042,26,138,0.9974,3.28,0.33,9,5
8.7,0.22,0.42,2.3,0.053,27,114,0.994,2.99,0.43,10,5
9.2,0.28,0.46,3.2,0.058,39,133,0.996,3.14,0.58,9.5,5
7.2,0.25,0.32,1.5,0.047,27,132,0.9933,3.26,0.44,10.5,5
8.9,0.34,0.32,1.3,0.041,12,188,0.9953,3.17,0.49,9.5,5
7.8,0.3,0.29,16.85,0.054,23,135,0.9998,3.16,0.38,9,6
5.7,0.26,0.27,4.1,0.201,73.5,189.5,0.9942,3.27,0.38,9.4,6
7.2,0.2,0.38,1,0.037,21,74,0.9918,3.21,0.37,11,5
6.3,0.32,0.35,11.1,0.039,29,198,0.9984,3.36,0.5,9.4,7
6.8,0.25,0.29,2,0.042,19,189,0.9952,3.46,0.54,10.2,6
7.2,0.2,0.25,4.5,0.044,31,109,0.9949,3.23,0.36,9.4,5
6.4,0.26,0.3,2.2,0.025,33,134,0.992,3.21,0.47,10.6,6
7.5,0.32,0.37,1.2,0.048,22,184,0.9938,3.09,0.43,9.3,5
7.1,0.26,0.32,14.45,0.074,29,107,0.998,2.96,0.42,9.2,6
6.8,0.18,0.37,1.5,0.027,37,93,0.992,3.3,0.45,10.8,6
6.3,0.21,0.4,1.7,0.031,48,134,0.9917,3.42,0.49,11.5,6
7.6,0.32,0.36,1.6,0.04,32,155,0.993,3.23,0.52,11.3,6
9.7,0.24,0.45,1.2,0.033,11,59,0.9926,2.74,0.47,10.8,6
8.2,0.37,0.36,1,0.034,17,93,0.9906,3.04,0.32,11.7,8
7.2,0.26,0.44,7.1,0.027,25,126,0.993,3.02,0.34,11.1,8
8,0.28,0.42,7.1,0.045,41,169,0.9959,3.17,0.43,10.6,5
7.3,0.29,0.3,13,0.043,46,238,0.9986,3.06,0.41,8.7,6
7.9,0.41,0.37,4.5,0.03,40,114,0.992,3.17,0.54,12.4,7
7.8,0.32,0.31,1.7,0.036,46,195,0.993,3.03,0.48,10.5,5
7.3,0.18,0.65,1.4,0.046,28,157,0.9946,3.33,0.62,9.4,6
6.2,0.21,0.38,6.8,0.036,64,245,0.9951,3.06,0.36,9.3,6
6.4,0.23,0.3,7.1,0.037,63,236,0.9952,3.06,0.34,9.2,6
8.1,0.5,0.47,1.1,0.037,23,126,0.9938,3.21,0.42,10.9,5
8,0.22,0.42,14.6,0.044,45,163,1.0003,3.21,0.69,8.6,7
7.4,0.31,0.74,10.7,0.039,51,147,0.9977,3.02,0.43,8.7,5
6.2,0.17,0.3,1.1,0.037,14,79,0.993,3.5,0.54,10.3,6
6.9,0.2,0.4,7.7,0.032,51,176,0.9939,3.22,0.27,11.4,5
7,0.15,0.34,1.4,0.039,21,177,0.9927,3.32,0.62,10.8,5
6.9,0.16,0.35,1.3,0.043,21,182,0.9927,3.25,0.62,10.8,6
7.9,0.16,0.64,17,0.05,69,210,1.0004,3.15,0.51,9.3,7
9,0.24,0.5,1.2,0.048,26,107,0.9918,3.21,0.34,12.4,6
7.2,0.16,0.32,0.8,0.04,50,121,0.9922,3.27,0.33,10,6
6.6,0.25,0.31,12.4,0.059,52,181,0.9984,3.51,0.47,9.8,6
7.3,0.39,0.37,1.1,0.043,36,113,0.991,3.39,0.48,12.7,8
7,0.46,0.39,6.2,0.039,46,163,0.9928,3.21,0.35,12.2,7
7.8,0.29,0.36,7,0.042,38,161,0.9941,3.26,0.37,11.2,8
9.2,0.35,0.39,0.9,0.042,15,61,0.9924,2.96,0.28,10.4,4
6.5,0.37,0.33,3.9,0.027,40,130,0.9906,3.28,0.39,12.7,7
6.7,0.18,0.3,6.4,0.048,40,251,0.9956,3.29,0.52,10,5
6.9,0.32,0.16,1.4,0.051,15,96,0.994,3.22,0.38,9.5,4
6.9,0.23,0.34,2.7,0.032,24,121,0.9902,3.14,0.38,12.4,7
6.9,0.28,0.3,1.6,0.047,46,132,0.9918,3.35,0.38,11.1,7
5.7,0.43,0.3,5.7,0.039,24,98,0.992,3.54,0.61,12.3,7
6.2,0.33,0.29,1.3,0.042,26,138,0.9956,3.77,0.64,9.5,5
5.7,0.135,0.3,4.6,0.042,19,101,0.9946,3.31,0.42,9.3,6
7.3,0.25,0.36,13.1,0.05,35,200,0.9986,3.04,0.46,8.9,7
7.3,0.25,0.36,13.1,0.05,35,200,0.9986,3.04,0.46,8.9,7
6.3,0.67,0.48,12.6,0.052,57,222,0.9979,3.17,0.52,9.3,6
7.3,0.25,0.36,13.1,0.05,35,200,0.9986,3.04,0.46,8.9,7
5.8,0.17,0.3,1.4,0.037,55,130,0.9909,3.29,0.38,11.3,6
6.8,0.22,0.49,0.9,0.052,26,128,0.991,3.25,0.35,11.4,6
8.2,0.18,0.49,1.1,0.033,28,81,0.9923,3,0.68,10.4,7
6.9,0.19,0.49,6.6,0.036,49,172,0.9932,3.2,0.27,11.5,6
7.4,0.16,0.49,1.2,0.055,18,150,0.9917,3.23,0.47,11.2,6
6.9,0.19,0.49,6.6,0.036,49,172,0.9932,3.2,0.27,11.5,6
6.9,0.25,0.24,3.6,0.057,13,85,0.9942,2.99,0.48,9.5,4
7.6,0.51,0.24,1.2,0.04,10,104,0.992,3.05,0.29,10.8,6
7.7,0.16,0.49,2,0.056,20,124,0.9948,3.32,0.49,10.7,6
7.2,0.08,0.49,1.3,0.05,18,148,0.9945,3.46,0.44,10.2,6
7.5,0.32,0.24,4.6,0.053,8,134,0.9958,3.14,0.5,9.1,3
6.7,0.25,0.74,19.4,0.054,44,169,1.0004,3.51,0.45,9.8,6
7.5,0.2,0.49,1.3,0.031,8,97,0.9918,3.06,0.62,11.1,5
6.8,0.27,0.49,1.2,0.044,35,126,0.99,3.13,0.48,12.1,7
8.3,0.2,0.49,1.7,0.04,34,169,0.9938,3.05,0.37,10.1,5
8.8,0.23,0.74,3.2,0.042,15,126,0.9934,3.02,0.51,11.2,6
7.3,0.155,0.49,1.3,0.039,34,136,0.9926,3.14,0.77,10.5,6
8.4,0.23,0.49,7.8,0.035,22,95,0.9935,3.04,0.34,12,6
8.3,0.2,0.49,1.7,0.038,38,167,0.9939,3.05,0.37,10.1,6
6.9,0.21,0.49,1.4,0.041,15,164,0.9927,3.25,0.63,11,5
7.2,0.27,0.74,12.5,0.037,47,156,0.9981,3.04,0.44,8.7,5
8.5,0.15,0.49,1.5,0.031,17,122,0.9932,3.03,0.4,10.3,6
7.9,0.18,0.49,5.2,0.051,36,157,0.9953,3.18,0.48,10.6,6
8.8,0.35,0.49,1,0.036,14,56,0.992,2.96,0.33,10.5,4
7.4,0.3,0.49,8.2,0.055,49,188,0.9974,3.52,0.58,9.7,6
6.7,0.3,0.74,5,0.038,35,157,0.9945,3.21,0.46,9.9,5
6.6,0.3,0.74,4.6,0.041,36,159,0.9946,3.21,0.45,9.9,5
7.4,0.3,0.49,8.2,0.055,49,188,0.9974,3.52,0.58,9.7,6
7.8,0.26,0.49,3.1,0.045,21,116,0.9931,3.16,0.35,10.3,5
7.1,0.64,0.49,1.8,0.05,17,128,0.9946,3.31,0.58,10.6,4
9.8,0.31,0.49,15.4,0.046,13,119,1.0004,3.18,0.45,9.5,5
8.4,0.24,0.49,7.4,0.039,46,108,0.9934,3.03,0.33,11.9,7
7.9,0.14,0.74,1.2,0.028,30,165,0.991,3.08,0.82,12.3,6
6.8,0.21,0.74,1.2,0.047,25,111,0.9916,3.13,0.41,10.7,6
8.6,0.16,0.49,7.3,0.043,9,63,0.9953,3.13,0.59,10.5,6
7.1,0.26,0.49,2.2,0.032,31,113,0.9903,3.37,0.42,12.9,9
7.5,0.32,0.49,1.7,0.031,44,109,0.9906,3.07,0.46,12.5,6
6.9,0.27,0.49,23.5,0.057,59,235,1.0024,2.98,0.47,8.6,5
7.5,0.32,0.49,1.7,0.031,44,109,0.9906,3.07,0.46,12.5,6
8,0.29,0.49,11.7,0.035,40,131,0.9958,3.14,0.34,10.8,5
7.8,0.26,0.49,3.2,0.027,28,87,0.9919,3.03,0.32,11.3,7
8.9,0.32,0.49,1.6,0.05,17,131,0.9956,3.13,0.34,9.4,5
6.5,0.44,0.49,7.7,0.045,16,169,0.9957,3.11,0.37,8.7,6
7.5,0.24,0.49,9.4,0.048,50,149,0.9962,3.17,0.59,10.5,7
7.8,0.21,0.49,1.2,0.036,20,99,0.99,3.05,0.28,12.1,7
6.6,0.31,0.49,7.7,0.05,52,220,0.9964,3.12,0.45,8.8,5
7.9,0.33,0.28,31.6,0.053,35,176,1.0103,3.15,0.38,8.8,6
7.9,0.18,0.33,1.2,0.033,20,72,0.9922,3.12,0.38,10.5,7
6.4,0.35,0.2,5.7,0.034,18,117,0.9944,3.33,0.43,10.1,5
7.2,0.25,0.28,14.4,0.055,55,205,0.9986,3.12,0.38,9,7
8.5,0.32,0.36,14.9,0.041,47,190,0.9982,3.08,0.31,10,6
6.7,0.31,0.42,6.4,0.057,25,148,0.9955,3.16,0.45,9.6,5
6.8,0.22,0.3,13.6,0.055,50,180,0.9984,3.44,0.39,9.8,5
7.9,0.18,0.37,3,0.061,25,178,0.995,3.22,0.51,10,6
7,0.21,0.31,6,0.046,29,108,0.9939,3.26,0.5,10.8,6
7.6,0.2,0.39,2.6,0.044,30,180,0.9941,3.46,0.44,10.8,7
8.2,0.15,0.48,2.7,0.052,24,190,0.995,3.5,0.45,10.9,7
6.5,0.18,0.34,1.6,0.04,43,148,0.9912,3.32,0.59,11.5,8
7.6,0.445,0.44,14.5,0.045,68,212,0.9986,3.48,0.36,10,6
7.5,0.22,0.33,6.7,0.036,45,138,0.9939,3.2,0.68,11.4,6
8.7,0.34,0.46,13.8,0.055,68,198,0.9988,3.36,0.37,9.5,6
6.9,0.16,0.3,9.6,0.057,50,185,0.9978,3.39,0.38,9.6,6
6.3,0.25,0.23,14.9,0.039,47,142,0.99705,3.14,0.35,9.7,6
6.1,0.34,0.31,12,0.053,46,238,0.9977,3.16,0.48,8.6,5
7.4,0.23,0.25,1.4,0.049,43,141,0.9934,3.42,0.54,10.2,7
7.3,0.21,0.3,10.9,0.037,18,112,0.997,3.4,0.5,9.6,6
7.8,0.39,0.26,9.9,0.059,33,181,0.9955,3.04,0.42,10.9,6
6.9,0.19,0.28,3,0.054,33,99,0.9924,3.16,0.4,10.8,6
7.4,0.33,0.26,2.6,0.04,29,115,0.9913,3.07,0.52,11.8,7
7.8,0.2,0.24,1.6,0.026,26,189,0.991,3.08,0.74,12.1,7
6.4,0.26,0.21,7.1,0.04,35,162,0.9956,3.39,0.58,9.9,6
9.4,0.16,0.23,1.6,0.042,14,67,0.9942,3.07,0.32,9.5,5
7.5,0.33,0.39,12.4,0.065,29,119,0.9974,3.16,0.39,9.4,5
7.5,0.33,0.39,12.4,0.065,29,119,0.9974,3.16,0.39,9.4,5
6.6,0.36,0.21,1.5,0.049,39,184,0.9928,3.18,0.41,9.9,6
5.6,0.46,0.24,4.8,0.042,24,72,0.9908,3.29,0.37,12.6,6
6.8,0.3,0.35,2.8,0.038,10,164,0.9912,3.09,0.53,12,6
7.3,0.19,0.24,6.3,0.054,34,231,0.9964,3.36,0.54,10,6
7.3,0.17,0.23,6.3,0.051,35,240,0.9963,3.36,0.54,10,6
7.7,0.44,0.24,11.2,0.031,41,167,0.9948,3.12,0.43,11.3,7
7.4,0.49,0.24,15.1,0.03,34,153,0.9953,3.13,0.51,12,7
6.4,0.21,0.3,5.6,0.044,43,160,0.9949,3.6,0.41,10.6,6
7.2,0.24,0.29,2.2,0.037,37,102,0.992,3.27,0.64,11,7
8.7,0.49,0.57,17.8,0.052,34,243,1.0007,2.98,0.82,9,5
7,0.24,0.25,1.7,0.042,48,189,0.992,3.25,0.42,11.4,6
10,0.91,0.42,1.6,0.056,34,181,0.9968,3.11,0.46,10,4
6.9,0.37,0.28,13.8,0.031,34,137,0.9948,3.1,0.37,11.6,6
7.2,0.24,0.4,17.85,0.049,50,185,1,3.34,0.42,9.6,5
7.6,0.15,0.4,1.3,0.036,24,112,0.9932,3.14,0.76,10,5
7.7,0.3,0.42,14.3,0.045,45,213,0.9991,3.18,0.63,9.2,5
7.6,0.33,0.41,13.7,0.045,44,197,0.9989,3.18,0.64,9.1,5
7.2,0.31,0.41,8.6,0.053,15,89,0.9976,3.29,0.64,9.9,6
7.6,0.13,0.34,9.3,0.062,40,126,0.9966,3.21,0.39,9.6,5
6.6,0.25,0.36,8.1,0.045,54,180,0.9958,3.08,0.42,9.2,5
7.2,0.36,0.36,5.7,0.038,26,98,0.9914,2.93,0.59,12.5,7
7.6,0.13,0.34,9.3,0.062,40,126,0.9966,3.21,0.39,9.6,5
7.6,0.26,0.36,1.6,0.032,6,106,0.993,3.15,0.4,10.4,4
8.3,0.36,0.57,15,0.052,35,256,1.0001,2.93,0.64,8.6,5
8.1,0.26,0.3,7.8,0.049,39,152,0.9954,2.99,0.58,10,6
6.4,0.22,0.32,12,0.066,57,158,0.9992,3.6,0.43,9,6
8,0.25,0.13,17.2,0.036,49,219,0.9996,2.96,0.46,9.7,5
7,0.12,0.32,7.2,0.058,22,89,0.9966,3.29,0.38,9.2,6
7.4,0.21,0.3,8.1,0.047,13,114,0.9941,3.12,0.35,10.5,6
6.3,0.41,0.3,3.2,0.03,49,164,0.9927,3.53,0.79,11.7,7
7.5,0.26,0.26,18.35,0.084,33,139,1.0011,3.17,0.39,8.8,5
6.8,0.28,0.37,7,0.057,35,208,0.9973,3.57,0.55,10.2,5
7.5,0.38,0.5,12.8,0.042,57,184,0.9984,3.09,0.46,9,6
7.1,0.33,0.3,3.3,0.034,30,102,0.9912,3.08,0.31,12.3,7
8.4,0.2,0.38,11.8,0.055,51,170,1.0004,3.34,0.82,8.9,6
7,0.28,0.33,14.6,0.043,47,168,0.9994,3.34,0.67,8.8,6
7.3,0.18,0.31,17.3,0.055,32,197,1.0002,3.13,0.46,9,6
7.6,0.17,0.35,1.6,0.047,43,154,0.9934,3.36,0.69,11.1,6
7.4,0.26,0.31,2.4,0.043,58,178,0.9941,3.42,0.68,10.6,6
7,0.28,0.33,14.6,0.043,47,168,0.9994,3.34,0.67,8.8,6
6.6,0.32,0.22,16.7,0.046,38,133,0.9979,3.22,0.67,10.4,6
6.9,0.19,0.39,8,0.028,22,84,0.994,3.11,0.66,10.8,6
6.3,0.41,0.33,4.7,0.023,28,110,0.991,3.3,0.38,12.5,7
7.6,0.34,0.39,7.6,0.04,45,215,0.9965,3.11,0.53,9.2,6
8,0.43,0.4,12.4,0.168,29,190,0.9991,3.07,0.64,9.2,5
7.5,0.3,0.71,1.3,0.16,44,149,0.9948,3.08,0.42,8.9,5
6.4,0.26,0.4,1.7,0.179,5,60,0.9925,3.09,0.54,10.1,5
7.4,0.18,0.34,2.7,0.03,30,107,0.992,2.97,0.53,11,6
8.6,0.485,0.29,4.1,0.026,19,101,0.9918,3.01,0.38,12.4,5
7.3,0.29,0.29,4.6,0.029,27,155,0.9931,3.07,0.26,10.6,6
6.9,0.17,0.25,1.6,0.047,34,132,0.9914,3.16,0.48,11.4,5
6.6,0.22,0.28,4.9,0.042,51,180,0.9952,3.3,0.75,9.5,6
7.7,0.28,0.29,4.3,0.051,25,142,0.9939,3.16,0.39,10.2,5
7.3,0.34,0.3,1.3,0.057,25,173,0.9948,3.26,0.51,9.1,6
5.9,0.17,0.3,1.4,0.042,25,119,0.9931,3.68,0.72,10.5,6
7.4,0.45,0.32,7.1,0.044,17,117,0.9962,3.32,0.41,10.4,4
7.9,0.17,0.32,1.6,0.053,47,150,0.9948,3.29,0.76,9.6,6
5.3,0.76,0.03,2.7,0.043,27,93,0.9932,3.34,0.38,9.2,5
6.6,0.22,0.53,15.1,0.052,22,136,0.9986,2.94,0.35,9.4,5
6.7,0.24,0.33,12.3,0.046,31,145,0.9983,3.36,0.4,9.5,5
8.5,0.24,0.47,15.2,0.057,40,234,1.0005,3.02,0.66,9,5
7.7,0.26,0.32,1.2,0.04,26,117,0.993,3.21,0.56,10.8,5
6.8,0.25,0.27,10.7,0.076,47,154,0.9967,3.05,0.38,9,5
7.7,0.39,0.28,4.9,0.035,36,109,0.9918,3.19,0.58,12.2,7
5.9,0.5,0.05,2.6,0.054,36,146,0.9948,3.43,0.5,9.2,6
7.1,0.22,0.32,16.9,0.056,49,158,0.9998,3.37,0.38,9.6,6
7.9,0.18,0.36,5.9,0.058,31,132,0.995,3.25,0.52,10.9,6
7.7,0.28,0.35,15.3,0.056,31,117,0.9998,3.27,0.5,9.6,5
6.4,0.29,0.2,15.6,0.04,20,142,0.9962,3.1,0.54,10.6,5
7.9,0.28,0.32,3.6,0.038,9,76,0.992,3.05,0.31,11.7,4
7.4,0.19,0.3,12.8,0.053,48.5,229,0.9986,3.14,0.49,9.1,7
7.1,0.18,0.32,12.2,0.048,36,125,0.9967,2.92,0.54,9.4,6
7.6,0.27,0.42,2.6,0.044,29,110,0.9912,3.31,0.51,12.7,6
7.3,0.18,0.29,1,0.036,26,101,0.99,3.09,0.37,11.7,6
7.4,0.17,0.29,1.4,0.047,23,107,0.9939,3.52,0.65,10.4,6
8,0.45,0.28,10.8,0.051,25,157,0.9957,3.06,0.47,11.4,7
6.9,0.23,0.33,12.8,0.056,44,169,0.998,3.42,0.42,9.8,6
6.5,0.39,0.35,1.6,0.049,10,164,0.99516,3.35,0.51,9.7,5
6.9,0.44,0.42,8.5,0.048,10,147,0.9974,3.32,0.46,9.5,6
6.9,0.44,0.42,8.5,0.048,10,147,0.9974,3.32,0.46,9.5,6
6.1,0.23,0.45,10.6,0.094,49,169,0.99699,3.05,0.54,8.8,5
7,0.36,0.14,11.6,0.043,35,228,0.9977,3.13,0.51,8.9,5
6.4,0.34,0.2,14.9,0.06,37,162,0.9983,3.13,0.45,9,4
7.2,0.29,0.2,7.7,0.046,51,174,0.99582,3.16,0.52,9.5,5
7.1,0.14,0.35,1.4,0.039,24,128,0.99212,2.97,0.68,10.4,5
6.5,0.36,0.31,4.1,0.061,20,134,0.99475,3.18,0.45,9,6
7.3,0.19,0.25,1.4,0.051,41,107,0.99382,3.53,0.66,10.5,7
7.4,0.14,0.3,1.3,0.033,25,91,0.99268,3.53,0.39,10.6,6
7.4,0.33,0.26,15.6,0.049,67,210,0.99907,3.06,0.68,9.5,5
6.6,0.41,0.24,4.9,0.158,47,144,0.99471,3.17,0.49,9.4,5
7.3,0.4,0.28,6.5,0.037,26,97,0.99148,3.16,0.58,12.6,7
7.4,0.18,0.24,1.4,0.047,21,106,0.99383,3.52,0.64,10.5,7
6,0.26,0.18,7,0.055,50,194,0.99591,3.21,0.43,9,5
9.4,0.28,0.3,1.6,0.045,36,139,0.99534,3.11,0.49,9.3,5
7,0.22,0.26,2.8,0.036,44,132,0.99078,3.34,0.41,12,7
9.4,0.28,0.3,1.6,0.045,36,139,0.99534,3.11,0.49,9.3,5
7.5,0.24,0.62,10.6,0.045,51,153,0.99779,3.16,0.44,8.8,5
7.5,0.26,0.59,11.8,0.046,58,164,0.99814,3.17,0.46,8.9,4
4.6,0.445,0,1.4,0.053,11,178,0.99426,3.79,0.55,10.2,5
7.6,0.3,0.4,2.2,0.054,29,175,0.99445,3.19,0.53,9.8,5
7,0.23,0.26,7.2,0.041,21,90,0.99509,3.22,0.55,9.5,6
7.5,0.23,0.29,2.6,0.031,24,98,0.99194,3,0.54,10.9,6
8.3,0.26,0.31,2,0.029,14,141,0.99077,2.95,0.77,12.2,6
7.9,0.46,0.4,10.1,0.168,19,184,0.99782,3.06,0.62,9.5,5
7.1,0.34,0.32,2,0.051,29,130,0.99354,3.3,0.5,10.4,6
8.9,0.21,0.37,1.2,0.028,20,93,0.99244,3.2,0.37,11.5,5
6.5,0.18,0.29,1.7,0.035,39,144,0.9927,3.49,0.5,10.5,6
7.4,0.34,0.3,14.9,0.037,70,169,0.99698,3.25,0.37,10.4,6
6.3,0.1,0.24,6,0.039,25,107,0.99511,3.59,0.49,10.5,7
6.4,0.27,0.19,1.9,0.085,21,196,0.99516,3.49,0.64,9.5,4
6.9,0.15,0.28,4.4,0.029,14,107,0.99347,3.24,0.46,10.4,8
6.7,0.26,0.29,5.8,0.025,26,74,0.9929,3.28,0.53,11,6
6.5,0.24,0.29,8.2,0.043,32,156,0.99453,3.13,0.7,10.1,6
6.4,0.17,0.34,1.5,0.093,43,136,0.9938,3.25,0.49,9.6,6
8.8,0.33,0.36,2.1,0.034,19,125,0.99166,2.96,0.98,12.7,6
6.6,0.23,0.18,8.5,0.044,59,188,0.99558,3.16,0.49,9.5,5
7.2,0.24,0.29,3,0.036,17,117,0.99411,3.36,0.68,10.1,6
7.3,0.22,0.26,1.5,0.04,32,172,0.99194,3.27,0.48,11.2,6
6.6,0.32,0.33,2.5,0.052,40,219.5,0.99316,3.15,0.6,10,5
6.6,0.26,0.27,1.5,0.04,19,114,0.99295,3.36,0.62,10.5,6
6.7,0.27,0.26,2.3,0.043,61,181,0.99394,3.45,0.63,10.6,6
6.6,0.56,0.15,10,0.037,38,157,0.99642,3.28,0.52,9.4,5
6.3,0.2,0.26,1.6,0.027,36,141,0.99268,3.53,0.56,10.8,6
7.8,0.32,0.33,10.4,0.031,47,194,0.99692,3.07,0.58,9.6,6
6,0.26,0.15,1.2,0.053,35,124,0.99347,3.08,0.46,8.8,5
8.8,0.24,0.23,10.3,0.032,12,97,0.99571,3.13,0.4,10.7,6
6.8,0.29,0.49,1.4,0.142,52,148,0.9937,3.08,0.49,9,6
6.8,0.32,0.3,1,0.049,22,113,0.99289,3.24,0.61,10.2,5
6.4,0.37,0.37,4.85,0.041,39.5,216.5,0.99432,3.1,0.5,9.8,6
7.9,0.27,0.27,1.7,0.034,25,122,0.99088,2.97,0.51,11.9,6
7.6,0.31,0.23,12.7,0.054,20,139,0.99836,3.16,0.5,9.7,4
7.6,0.31,0.23,12.7,0.054,20,139,0.99836,3.16,0.5,9.7,4
8.6,0.23,0.25,11.3,0.031,13,96,0.99645,3.11,0.4,10.8,5
8.6,0.34,0.36,1.4,0.045,11,119,0.99556,3.17,0.47,9.4,4
7.1,0.12,0.3,3.1,0.018,15,37,0.99004,3.02,0.52,11.9,7
7.3,0.17,0.24,8.1,0.121,32,162,0.99508,3.17,0.38,10.4,8
7.3,0.16,0.35,1.5,0.036,29,108,0.99342,3.27,0.51,10.2,6
6.6,0.42,0.13,12.8,0.044,26,158,0.99772,3.24,0.47,9,5
6.7,0.54,0.27,7.1,0.049,8,178,0.99502,3.16,0.38,9.4,4
6.7,0.54,0.27,7.1,0.049,8,178,0.99502,3.16,0.38,9.4,4
6.4,0.22,0.3,11.2,0.046,53,149,0.99479,3.21,0.34,10.8,5
5.9,0.28,0.14,8.6,0.032,30,142,0.99542,3.28,0.44,9.5,6
6.2,0.27,0.18,1.5,0.028,20,111,0.99228,3.41,0.5,10,5
9,0.26,0.34,6.7,0.029,21,162,0.99497,3.08,0.5,10.6,6
6.4,0.15,0.44,1.2,0.043,67,150,0.9907,3.14,0.73,11.2,7
6.6,0.24,0.28,1.8,0.028,39,132,0.99182,3.34,0.46,11.4,5
6.3,0.34,0.36,4.9,0.035,31,185,0.9946,3.15,0.49,9.7,5
6.7,0.25,0.36,8.6,0.037,63,206,0.99553,3.18,0.5,9.6,5
7.7,0.3,0.26,18.95,0.053,36,174,0.99976,3.2,0.5,10.4,5
6.8,0.18,0.3,12.8,0.062,19,171,0.99808,3,0.52,9,7
6.8,0.18,0.3,12.8,0.062,19,171,0.99808,3,0.52,9,7
6.8,0.18,0.3,12.8,0.062,19,171,0.99808,3,0.52,9,7
6.9,0.13,0.28,13.3,0.05,47,132,0.99655,3.34,0.42,10.1,6
7.3,0.32,0.29,1.5,0.038,32,144,0.99296,3.2,0.55,10.8,5
6.4,0.22,0.34,1.4,0.023,56,115,0.98958,3.18,0.7,11.7,6
7.5,0.25,0.32,8.2,0.024,53,209,0.99563,3.12,0.46,10.8,6
4.5,0.19,0.21,0.95,0.033,89,159,0.99332,3.34,0.42,8,5
6.7,0.28,0.28,2.4,0.012,36,100,0.99064,3.26,0.39,11.7,7
7.2,0.24,0.27,11.4,0.034,40,174,0.99773,3.2,0.44,9,5
8.7,0.31,0.73,14.35,0.044,27,191,1.00013,2.96,0.88,8.7,5
9.2,0.14,0.37,1.1,0.034,36,84,0.99136,3.05,0.55,11.6,6
6.4,0.68,0.26,3.4,0.069,25,146,0.99347,3.18,0.4,9.3,5
7.3,0.22,0.31,2.3,0.018,45,80,0.98936,3.06,0.34,12.9,7
6.45,0.14,0.42,1.2,0.05,51,129,0.99116,3.27,0.69,11.1,7
6.5,0.15,0.44,12.6,0.052,65,158,0.99688,3.26,0.7,10.3,7
7.2,0.3,0.26,1.5,0.041,46,178,0.99154,3.19,0.56,11.3,6
7,0.23,0.33,1,0.043,46,110,0.99118,3.04,0.65,10.8,6
6.2,0.21,0.34,6.6,0.03,36,91,0.9914,3.32,0.45,12.5,7
5.9,0.34,0.31,2,0.03,38,142,0.98892,3.4,0.41,12.9,7
7.1,0.31,0.17,1,0.042,21,144,0.99304,3.13,0.4,9.6,5
7.2,0.19,0.27,11.2,0.061,46,149,0.99772,2.99,0.59,9.3,6
7.6,0.32,0.25,9.5,0.03,15,136,0.99367,3.1,0.44,12.1,6
7,0.16,0.36,2.6,0.029,28,98,0.99126,3.11,0.37,11.2,7
6.6,0.24,0.38,8,0.042,56,187,0.99577,3.21,0.46,9.2,5
6.5,0.23,0.36,16.3,0.038,43,133,0.99924,3.26,0.41,8.8,5
7.5,0.28,0.39,10.2,0.045,59,209,0.9972,3.16,0.63,9.6,6
6.5,0.23,0.36,16.3,0.038,43,133,0.99924,3.26,0.41,8.8,5
5.6,0.2,0.22,1.3,0.049,25,155,0.99296,3.74,0.43,10,5
6.8,0.23,0.42,7.4,0.044,56,189,0.9958,3.22,0.48,9.3,6
5.2,0.28,0.29,1.1,0.028,18,69,0.99168,3.24,0.54,10,6
7.5,0.26,0.3,4.6,0.027,29,92,0.99085,3.15,0.38,12,7
8.2,0.37,0.64,13.9,0.043,22,171,0.99873,2.99,0.8,9.3,5
7.5,0.18,0.31,6.5,0.029,53,160,0.99276,3.03,0.38,10.9,6
6.5,0.29,0.31,1.7,0.035,24,79,0.99053,3.27,0.69,11.4,7
6.5,0.35,0.28,12.4,0.051,86,213,0.9962,3.16,0.51,9.9,6
6.3,0.2,0.19,12.3,0.048,54,145,0.99668,3.16,0.42,9.3,6
6.8,0.17,0.36,1.4,0.036,38,108,0.99006,3.19,0.66,12,6
7.1,0.43,0.3,6.6,0.025,15,138,0.99126,3.18,0.46,12.6,6
5.9,0.17,0.28,0.7,0.027,5,28,0.98985,3.13,0.32,10.6,5
5.6,0.12,0.26,4.3,0.038,18,97,0.99477,3.36,0.46,9.2,5
7.7,0.18,0.35,5.8,0.055,25,144,0.99576,3.24,0.54,10.2,6
7.7,0.16,0.36,5.9,0.054,25,148,0.99578,3.25,0.54,10.2,6
6.4,0.27,0.29,10.8,0.028,17,118,0.99356,3.18,0.37,11.2,6
7,0.36,0.32,10.05,0.045,37,131,0.99352,3.09,0.33,11.7,8
7,0.36,0.32,10.05,0.045,37,131,0.99352,3.09,0.33,11.7,8
7.1,0.2,0.31,7.4,0.053,32,211,0.99587,3.31,0.59,10.4,6
6.4,0.24,0.25,20.2,0.083,35,157,0.99976,3.17,0.5,9.1,5
8,0.3,0.36,11,0.034,8,70,0.99354,3.05,0.41,12.2,6
6.4,0.24,0.25,20.2,0.083,35,157,0.99976,3.17,0.5,9.1,5
5.6,0.15,0.31,5.3,0.038,8,79,0.9923,3.3,0.39,10.5,6
5.5,0.15,0.32,14,0.031,16,99,0.99437,3.26,0.38,11.5,8
6.4,0.22,0.32,7.2,0.028,15,83,0.993,3.13,0.55,10.9,8
5.8,0.32,0.31,2.7,0.049,25,153,0.99067,3.44,0.73,12.2,7
6.7,0.16,0.34,1.6,0.026,27,109,0.9934,3.34,0.58,10.1,6
6.6,0.36,0.24,0.9,0.038,15,72,0.99066,3.23,0.39,11,5
6,0.21,0.34,2,0.042,63,123,0.99052,3.44,0.42,11.4,6
7.2,0.26,0.4,6.3,0.047,52,172,0.99573,3.18,0.53,9.5,6
6.5,0.22,0.45,8,0.053,52,196,0.9959,3.23,0.48,9.1,6
6.4,0.14,0.31,1.2,0.034,53,138,0.99084,3.38,0.35,11.5,7
6.6,0.45,0.43,7.2,0.064,31,186,0.9954,3.12,0.44,9.4,5
6.6,0.17,0.3,1.1,0.031,13,73,0.99095,3.17,0.58,11,6
5.9,0.22,0.38,1.3,0.046,24,90,0.99232,3.2,0.47,10,6
6.9,0.15,0.29,2.3,0.033,14,82,0.99132,3.1,0.58,11.2,7
6.6,0.29,0.31,3.9,0.027,39,96,0.99035,3.24,0.6,12.6,8
5.3,0.16,0.39,1,0.028,40,101,0.99156,3.57,0.59,10.6,6
6.5,0.15,0.55,5.9,0.045,75,162,0.99482,2.97,0.4,9.3,5
7.2,0.21,0.28,2.7,0.033,38,94,0.99075,2.99,0.43,11.8,7
7,0.24,0.3,6.7,0.039,37,125,0.99436,3.2,0.39,9.9,5
6.9,0.4,0.3,10.6,0.033,24,87,0.99265,3.15,0.45,12.8,6
6.2,0.16,0.34,1.7,0.038,85,153,0.9909,3.33,0.86,12,7
6.2,0.2,0.31,1,0.031,22,73,0.99035,3.24,0.52,11.3,6
6.4,0.25,0.32,11.3,0.038,69,192,0.99573,3.14,0.5,10.2,6
5.3,0.21,0.29,0.7,0.028,11,66,0.99215,3.3,0.4,9.8,5
7,0.12,0.29,10.3,0.039,41,98,0.99564,3.19,0.38,9.8,8
7.2,0.3,0.3,8.7,0.022,14,111,0.99576,3.11,0.61,10.6,5
6.8,0.26,0.48,6.2,0.049,55,182,0.99582,3.21,0.45,9.4,6
6,0.28,0.52,5,0.078,30,139,0.99494,3.1,0.36,9,6
7.2,0.2,0.22,1.6,0.044,17,101,0.99471,3.37,0.53,10,5
5.5,0.34,0.26,2.2,0.021,31,119,0.98919,3.55,0.49,13,8
8.4,0.31,0.31,0.95,0.021,52,148,0.99038,2.93,0.32,11.5,5
7.3,0.26,0.24,1.7,0.05,10,112,0.99286,3.11,0.43,9.9,5
6.8,0.32,0.39,9.6,0.026,34,124,0.99286,3.18,0.35,12.1,6
6.7,0.36,0.26,7.9,0.034,39,123,0.99119,2.99,0.3,12.2,7
6,0.26,0.32,3.8,0.029,48,180,0.99011,3.15,0.34,12,6
6.7,0.18,0.28,10.2,0.039,29,115,0.99469,3.11,0.45,10.9,7
6.3,0.37,0.28,6.3,0.034,45,152,0.9921,3.29,0.46,11.6,7
6.6,0.28,0.34,0.8,0.037,42,119,0.9888,3.03,0.37,12.5,6
6.9,0.25,0.33,1.2,0.035,35,158,0.99082,3.02,0.58,11.3,6
6.6,0.2,0.27,10.9,0.038,29,130,0.99496,3.11,0.44,10.5,7
5,0.3,0.33,3.7,0.03,54,173,0.9887,3.36,0.3,13,7
7.2,0.32,0.3,8.25,0.02,14,104,0.99362,2.99,0.44,11.4,6
5.9,0.34,0.3,3.8,0.035,57,135,0.99016,3.09,0.34,12,6
6.8,0.27,0.29,4.6,0.046,6,88,0.99458,3.34,0.48,10.6,4
8,0.74,0.21,4,0.05,24,133,0.99418,3.06,0.38,9.7,5
7,0.45,0.34,19.8,0.04,12,67,0.9976,3.07,0.38,11,6
6.3,0.33,0.42,17.2,0.037,57,170,0.99884,3.26,0.57,9.4,6
7.2,0.21,1,1.1,0.154,46,114,0.9931,2.95,0.43,9.2,6
6.9,0.24,0.37,6.1,0.027,38,112,0.99086,3.19,0.34,12.4,6
7.1,0.17,0.43,1.3,0.023,33,132,0.99067,3.11,0.56,11.7,6
5.6,0.2,0.66,10.2,0.043,78,175,0.9945,2.98,0.43,10.4,7
8.5,0.19,0.48,1.1,0.026,23,58,0.99184,2.9,0.5,10.5,6
6.1,0.18,0.38,2.3,0.033,28,111,0.98962,3.16,0.49,12.4,6
8.5,0.23,0.4,9.9,0.036,24,88,0.9951,3.02,0.42,10.5,6
6.6,0.17,0.35,2.6,0.03,33,78,0.99146,3.22,0.72,11.3,6
9.7,0.24,0.49,4.9,0.032,3,18,0.99368,2.85,0.54,10,6
7.7,0.25,0.49,2.5,0.047,31,169,0.99252,3.07,0.57,10.6,6
7.6,0.35,0.46,14.7,0.047,33,151,0.99709,3.03,0.53,10.3,5
6.3,0.17,0.32,4.2,0.04,37,117,0.99182,3.24,0.43,11.3,6
6.7,0.21,0.37,2.5,0.034,35,89,0.9913,3.25,0.5,11,7
5.8,0.39,0.47,7.5,0.027,12,88,0.9907,3.38,0.45,14,6
7.2,0.4,0.38,2.2,0.03,40,109,0.99075,3.27,0.46,12.6,6
6.1,0.17,0.42,15.1,0.033,28,124,0.99684,2.87,0.47,9.5,5
7.8,0.3,0.36,4.6,0.024,20,198,0.99222,3.06,0.66,11.9,6
6.1,0.68,0.52,1.4,0.037,32,123,0.99022,3.24,0.45,12,6
5.6,0.28,0.4,6.1,0.034,36,118,0.99144,3.21,0.43,12.1,7
7.6,0.17,0.46,0.9,0.036,63,147,0.99126,3.02,0.41,10.7,6
7.8,0.21,0.34,11.9,0.039,55,140,0.9959,3.02,0.31,10.3,6
6.5,0.24,0.38,1,0.027,31,90,0.98926,3.24,0.36,12.3,6
6.7,0.18,0.37,1.3,0.027,42,125,0.98939,3.24,0.37,12.8,7
7,0.17,0.36,6.4,0.055,42,123,0.99318,3.11,0.5,11,8
8.3,0.16,0.37,7.9,0.025,38,107,0.99306,2.93,0.37,11.9,6
6.4,0.22,0.38,9.1,0.044,35,127,0.99326,2.97,0.3,11,7
5.2,0.31,0.36,5.1,0.031,46,145,0.9897,3.14,0.31,12.4,7
6.4,0.22,0.38,9.1,0.044,35,127,0.99326,2.97,0.3,11,7
6.4,0.21,0.34,16.05,0.04,56,142,0.99678,3.11,0.38,10.6,5
8.2,0.3,0.44,12.4,0.043,52,154,0.99452,3.04,0.33,12,6
5.2,0.335,0.2,1.7,0.033,17,74,0.99002,3.34,0.48,12.3,6
7.1,0.14,0.33,1,0.104,20,54,0.99057,3.19,0.64,11.5,6
5.8,0.33,0.23,5,0.053,29,106,0.99458,3.13,0.52,9,5
6.2,0.35,0.31,2.6,0.036,37,92,0.98938,3.27,0.53,12.8,7
9,0.38,0.53,2.1,0.102,19,76,0.99001,2.93,0.57,12.9,5
8.2,0.3,0.44,12.4,0.043,52,154,0.99452,3.04,0.33,12,6
6.6,0.33,0.4,2.65,0.041,35,86,0.98916,3.11,0.39,13.3,7
6.8,0.22,0.41,6.7,0.034,39,116,0.99245,3.18,0.46,11.5,6
7.7,0.27,0.49,3.8,0.037,46,139,0.99116,3.04,0.38,11.6,6
6.4,0.23,0.35,4.6,0.039,43,147,0.99216,3.18,0.4,11,7
7.1,0.26,0.37,5.5,0.025,31,105,0.99082,3.06,0.33,12.6,8
7.4,0.19,0.31,14.5,0.045,39,193,0.9986,3.1,0.5,9.2,6
7.4,0.19,0.31,14.5,0.045,39,193,0.9986,3.1,0.5,9.2,6
4.2,0.215,0.23,5.1,0.041,64,157,0.99688,3.42,0.44,8,3
6.5,0.48,0.02,0.9,0.043,32,99,0.99226,3.14,0.47,9.8,4
6.6,0.23,0.3,4.6,0.06,29,154,0.99142,3.23,0.49,12.2,8
7.4,0.16,0.32,1.4,0.065,23,140,0.99134,3.06,0.47,11.4,6
6.4,0.15,0.29,1.8,0.044,21,115,0.99166,3.1,0.38,10.2,5
6.8,0.21,0.31,2.9,0.046,40,121,0.9913,3.07,0.65,10.9,7
6.8,0.23,0.31,2.8,0.047,40,122,0.99126,3.06,0.64,10.9,7
6.8,0.21,0.31,2.9,0.046,40,121,0.9913,3.07,0.65,10.9,7
6.6,0.28,0.42,8.2,0.044,60,196,0.99562,3.14,0.48,9.4,5
6.3,0.22,0.34,5,0.032,36,93,0.99012,3.27,0.36,13.5,7
6.3,0.19,0.29,2,0.022,33,96,0.98902,3.04,0.54,12.8,7
6,0.19,0.29,1.1,0.047,67,152,0.9916,3.54,0.59,11.1,7
6.9,0.38,0.29,13.65,0.048,52,189,0.99784,3,0.6,9.5,6
6.9,0.38,0.29,13.65,0.048,52,189,0.99784,3,0.6,9.5,6
7.2,0.27,0.28,15.2,0.046,6,41,0.99665,3.17,0.39,10.9,6
6.6,0.16,0.21,6.7,0.055,43,157,0.99384,3.15,0.52,10.8,6
7.2,0.22,0.28,7.2,0.06,41,132,0.9935,3.08,0.59,11.3,6
5.9,0.2,0.28,12.8,0.038,29,132,0.99426,3.31,0.57,11.8,7
5.3,0.32,0.23,9.65,0.026,26,119,0.99168,3.18,0.53,12.2,6
7.2,0.22,0.28,7.2,0.06,41,132,0.9935,3.08,0.59,11.3,6
6.1,0.28,0.27,4.7,0.03,56,140,0.99042,3.16,0.42,12.5,8
6.4,0.22,0.32,4.9,0.046,50,156,0.99316,3.38,0.55,11.2,6
8.8,0.39,0.35,1.8,0.096,22,80,0.99016,2.95,0.54,12.6,6
7.1,0.32,0.3,9.9,0.041,63,192,0.99642,3.12,0.49,10.2,6
6.3,0.29,0.28,4.7,0.059,28,81,0.99036,3.24,0.56,12.7,8
7.1,0.18,0.39,14.5,0.051,48,156,0.99947,3.35,0.78,9.1,5
6.4,0.32,0.27,4.9,0.034,18,122,0.9916,3.36,0.71,12.5,6
7.1,0.18,0.39,14.5,0.051,48,156,0.99947,3.35,0.78,9.1,5
7.1,0.18,0.39,15.25,0.047,45,158,0.99946,3.34,0.77,9.1,6
7.8,0.29,0.29,3.15,0.044,41,117,0.99153,3.24,0.35,11.5,5
6.7,0.4,0.22,8.8,0.052,24,113,0.99576,3.22,0.45,9.4,5
6,0.16,0.22,1.6,0.042,36,106,0.9905,3.24,0.32,11.4,6
6,0.17,0.29,9.7,0.044,33,98,0.99536,3.12,0.36,9.2,6
5.8,0.32,0.2,2.6,0.027,17,123,0.98936,3.36,0.78,13.9,7
7.6,0.22,0.28,12,0.056,68,143,0.9983,2.99,0.3,9.2,6
6.7,0.24,0.3,3.85,0.042,105,179,0.99189,3.04,0.59,11.3,8
6.7,0.24,0.3,3.85,0.042,105,179,0.99189,3.04,0.59,11.3,8
6.2,0.36,0.45,10.4,0.06,22,184,0.99711,3.31,0.56,9.8,6
6.1,0.36,0.26,8.15,0.035,14,88,0.99031,3.06,0.27,13,7
7.8,0.2,0.2,1.4,0.036,25,83,0.99088,3.03,0.46,11.7,6
7.7,0.43,1,19.95,0.032,42,164,0.99742,3.29,0.5,12,6
7.5,0.2,0.41,1.2,0.05,26,131,0.99133,3.19,0.52,11.1,5
6,0.23,0.15,9.7,0.048,101,207,0.99571,3.05,0.3,9.1,5
5.3,0.36,0.27,6.3,0.028,40,132,0.99186,3.37,0.4,11.6,6
6.4,0.28,0.44,7.1,0.048,49,179,0.99528,3.15,0.48,9.2,5
6.6,0.22,0.3,14.7,0.045,50,136,0.99704,3.14,0.37,10.6,6
7.2,0.31,0.35,7.2,0.046,45,178,0.9955,3.14,0.53,9.7,5
8.1,0.26,0.27,4.3,0.03,43,123,0.99212,3.16,0.33,11.2,6
7.3,0.2,0.29,19.5,0.039,69,237,1.00037,3.1,0.48,9.2,6
8.1,0.2,0.28,0.9,0.023,49,87,0.99062,2.92,0.36,11.1,6
8,0.25,0.27,9.7,0.036,15,85,0.99406,2.99,0.36,11.2,6
6.9,0.26,0.27,4.2,0.031,20,80,0.99089,3.12,0.39,11.5,6
7.8,0.31,0.4,1.6,0.027,20,87,0.9911,3.15,0.48,11.9,6
6.8,0.18,0.28,1.1,0.027,32,112,0.99089,3.15,0.45,11,7
7.4,0.28,0.36,14.6,0.048,35,161,0.9968,3.14,0.56,10.6,5
6.7,0.22,0.22,1.2,0.038,5,124,0.99098,3.1,0.37,11.2,4
6.3,0.32,0.32,1.5,0.037,12,76,0.98993,3.3,0.46,12.3,6
7.7,0.24,0.3,1.4,0.041,15,102,0.9929,3.26,0.53,10.4,6
6.6,0.295,0.24,1.6,0.039,29,140,0.99304,3.35,0.61,10.4,7
7,0.16,0.25,14.3,0.044,27,149,0.998,2.91,0.46,9.2,6
7,0.16,0.25,14.3,0.044,27,149,0.998,2.91,0.46,9.2,6
6.8,0.16,0.18,1.8,0.046,31,114,0.99226,3.27,0.55,10.8,6
7,0.29,0.33,0.9,0.041,20,117,0.99048,3.21,0.5,11.4,5
7.7,0.32,0.61,11.8,0.041,66,188,0.99794,3,0.54,9.3,5
7.6,0.31,0.27,8.8,0.021,57,156,0.99442,3.08,0.38,11,7
6,0.25,0.4,5.7,0.052,56,152,0.99398,3.16,0.88,10.5,6
6.4,0.24,0.23,2,0.046,30,133,0.9908,3.12,0.54,11.4,7
7.3,0.31,0.25,6.65,0.032,30,138,0.99244,2.9,0.37,11.1,5
7,0.29,0.37,1.6,0.035,34,126,0.99058,3.26,0.47,12.3,6
6.1,0.6,0.12,1.8,0.05,11,76,0.99268,3.42,0.48,10.4,4
6.8,0.21,0.26,11.7,0.038,61,152,0.99523,3.02,0.56,10.5,7
6.8,0.3,0.29,6.2,0.025,29,95,0.99071,3.03,0.32,12.9,7
5.6,0.21,0.24,4.4,0.027,37,150,0.991,3.3,0.31,11.5,7
6.8,0.31,0.3,8,0.028,33,122,0.99164,3.13,0.63,12.6,7
7.2,0.23,0.25,18.8,0.085,19,111,1.00044,3.1,0.51,8.7,5
6.4,0.15,0.4,1.3,0.053,61,146,0.99112,3.17,0.68,11,6
6.3,0.22,0.34,1.2,0.036,32,96,0.98961,3.06,0.74,11.6,6
6.6,0.26,0.22,18.15,0.05,23,139,0.99904,3.06,0.5,9.2,5
7.5,0.24,0.31,13.1,0.05,26,180,0.99884,3.05,0.53,9.1,6
7.5,0.24,0.31,13.1,0.05,26,180,0.99884,3.05,0.53,9.1,6
6.3,0.2,0.18,10.6,0.045,57,159,0.99666,3.09,0.54,9.2,5
6.6,0.3,0.45,8,0.038,54,200,0.9956,3.18,0.48,9.5,5
7.5,0.28,0.41,1.3,0.044,11,126,0.99293,3.28,0.45,10.3,5
6.1,0.22,0.46,1.8,0.16,34,74,0.9884,3.19,0.33,13.4,6
6.5,0.32,0.48,8,0.026,18,88,0.99144,3.22,0.79,12.7,4
7,0.15,0.28,14.7,0.051,29,149,0.99792,2.96,0.39,9,7
7,0.15,0.28,14.7,0.051,29,149,0.99792,2.96,0.39,9,7
7,0.15,0.28,14.7,0.051,29,149,0.99792,2.96,0.39,9,7
7,0.15,0.28,14.7,0.051,29,149,0.99792,2.96,0.39,9,7
6.5,0.26,0.34,1.4,0.04,25,184,0.99216,3.29,0.46,10.7,5
6.6,0.27,0.33,1.4,0.042,24,183,0.99215,3.29,0.46,10.7,5
5.4,0.46,0.15,2.1,0.026,29,130,0.98953,3.39,0.77,13.4,8
6.5,0.26,0.34,1.4,0.04,25,184,0.99216,3.29,0.46,10.7,5
7.8,0.2,0.32,5,0.016,31,101,0.99186,2.99,0.39,11,6
7.4,0.2,0.35,6.1,0.025,10,40,0.99244,2.79,0.52,10.9,5
6.9,0.4,0.17,12.9,0.033,59,186,0.99754,3.08,0.49,9.4,5
6.9,0.4,0.17,12.9,0.033,59,186,0.99754,3.08,0.49,9.4,5
6.1,0.27,0.28,9.8,0.042,61,125,0.99532,3.14,0.42,10.2,6
6.3,0.24,0.29,13.7,0.035,53,134,0.99567,3.17,0.38,10.6,6
6.7,0.42,0.39,12.1,0.04,61,248,0.99794,3.31,0.58,9.7,5
6.4,0.34,0.44,8.2,0.043,54,201,0.99551,3.18,0.48,9.5,5
6.6,0.26,0.52,8.2,0.047,52,191,0.99541,3.16,0.47,9.5,6
7,0.39,0.21,10.7,0.098,13,91,0.99657,3.03,0.47,9.3,5
7,0.3,0.28,2.2,0.042,21,177,0.99166,3.2,0.57,11.4,5
6.9,0.21,0.62,6.3,0.042,7,109,0.99358,2.96,0.59,10.2,6
7.2,0.28,0.38,2,0.052,23,156,0.9912,3.13,0.52,11.1,5
7.9,0.21,0.39,2,0.057,21,138,0.99176,3.05,0.52,10.9,5
7,0.3,0.28,2.2,0.042,21,177,0.99166,3.2,0.57,11.4,5
6.3,0.4,0.24,5.1,0.036,43,131,0.99186,3.24,0.44,11.3,6
6.2,0.31,0.23,3.3,0.052,34,113,0.99429,3.16,0.48,8.4,5
6.6,0.21,0.5,8.7,0.036,41,191,0.99294,2.96,0.56,11,6
6.2,0.22,0.3,12.4,0.054,108,152,0.99728,3.1,0.47,9.5,6
6.6,0.39,0.22,4,0.038,17,98,0.99018,3.25,0.53,13,7
6.2,0.22,0.3,12.4,0.054,108,152,0.99728,3.1,0.47,9.5,6
7.2,0.24,0.36,2,0.029,21,63,0.99076,3.13,0.63,12.5,6
7,0.34,0.1,3.5,0.044,17,63,0.9937,3.01,0.39,9.2,5
7,0.25,0.33,2.1,0.021,17,76,0.99021,3.26,0.45,12.3,6
6.7,0.26,0.29,7.7,0.038,40,179,0.99479,3.23,0.56,10.4,6
5,0.455,0.18,1.9,0.036,33,106,0.98746,3.21,0.83,14,7
6.5,0.33,0.3,3.8,0.036,34,88,0.99028,3.25,0.63,12.5,7
6.5,0.33,0.3,3.8,0.036,34,88,0.99028,3.25,0.63,12.5,7
7.2,0.23,0.82,1.3,0.149,70,109,0.99304,2.93,0.42,9.2,6
6.6,0.31,0.28,1.4,0.035,28,107,0.98836,3,0.4,13.2,6
8.6,0.31,0.3,0.9,0.045,16,109,0.99249,2.95,0.39,10.1,5
8.6,0.31,0.3,0.9,0.045,16,109,0.99249,2.95,0.39,10.1,5
8.6,0.22,0.33,1.2,0.031,38,95,0.99239,2.83,0.31,10.3,5
6.5,0.22,0.31,3.9,0.046,17,106,0.99098,3.15,0.31,11.5,5
6.6,0.32,0.47,15.6,0.063,27,173,0.99872,3.18,0.56,9,5
7,0.46,0.2,16.7,0.046,50,184,0.99898,3.08,0.56,9.4,5
6.5,0.36,0.36,6.7,0.185,51.5,151,0.99528,3.17,0.42,9.3,5
8.2,0.18,0.38,1.1,0.04,41,92,0.99062,2.88,0.6,12,6
4.9,0.345,0.34,1,0.068,32,143,0.99138,3.24,0.4,10.1,5
6,0.3,0.33,2.1,0.042,31,127,0.98964,3.32,0.42,12.5,6
5.7,0.14,0.3,5.4,0.045,26,105,0.99469,3.32,0.45,9.3,5
6.9,0.4,0.37,8.9,0.053,36,148,0.996,3.16,0.5,9.3,5
7,0.16,0.3,2.6,0.043,34,90,0.99047,2.88,0.47,11.2,6
7.7,0.31,0.36,4.3,0.026,15,87,0.99152,3.11,0.48,12,5
6.5,0.29,0.52,7.9,0.049,35,192,0.99551,3.16,0.51,9.5,6
6.4,0.17,0.3,2.8,0.034,33,125,0.99152,3.03,0.49,10.4,6
7,0.32,0.29,7.6,0.025,35,124,0.99162,3.15,0.65,12.8,7
6.5,0.29,0.53,1.7,0.04,41,192,0.9922,3.26,0.59,10.4,7
6.5,0.29,0.52,1.7,0.034,41,193,0.99223,3.25,0.59,10.4,6
6.3,0.22,0.27,4.5,0.036,81,157,0.9928,3.05,0.76,10.7,7
6.4,0.24,0.49,5.8,0.053,25,120,0.9942,3.01,0.98,10.5,6
6,0.26,0.29,3.1,0.041,37,144,0.98944,3.22,0.39,12.8,7
6.5,0.46,0.24,11.5,0.051,56,171,0.99588,3.08,0.56,9.8,6
7.2,0.4,0.24,8.5,0.055,45,151,0.99626,3.2,0.52,9.2,5
6,0.28,0.27,4.1,0.046,50,147,0.99126,3.27,0.56,11.6,6
7.6,0.19,0.37,13.1,0.033,52,151,0.99726,3.18,0.79,10.4,6
6.9,0.19,0.38,1.15,0.023,30,105,0.99047,3.11,0.38,11.4,5
6.8,0.27,0.22,17.8,0.034,16,116,0.9989,3.07,0.53,9.2,5
7.5,0.26,0.38,5.7,0.021,23,125,0.99338,3.13,0.62,11.1,6
6.8,0.27,0.22,17.8,0.034,16,116,0.9989,3.07,0.53,9.2,5
6.4,0.2,0.22,7.4,0.032,53,172,0.99404,3.24,0.58,11,6
6.8,0.16,0.36,1.3,0.034,32,98,0.99058,3.02,0.58,11.3,6
6.2,0.24,0.22,7.9,0.053,45,149,0.99545,3.23,0.52,9.3,5
7.4,0.16,0.27,15.5,0.05,25,135,0.9984,2.9,0.43,8.7,7
7.4,0.36,0.32,1.9,0.036,27,119,0.99196,3.15,0.49,11.2,6
6.1,0.17,0.21,1.9,0.09,44,130,0.99255,3.07,0.41,9.7,5
6.2,0.24,0.28,12.2,0.049,54,133,0.9952,3.19,0.37,10.7,6
7.6,0.26,0.32,1.3,0.048,23,76,0.9903,2.96,0.46,12,6
6.5,0.36,0.16,1.3,0.054,11,107,0.99398,3.19,0.39,8.5,5
5.4,0.265,0.28,7.8,0.052,27,91,0.99432,3.19,0.38,10.4,6
7.4,0.26,0.29,3.7,0.048,14,73,0.9915,3.06,0.45,11.4,6
6.9,0.45,0.27,4.7,0.035,17,80,0.99058,3.12,0.36,12.5,7
6.6,0.33,0.32,15.6,0.054,62,227,0.99734,3.25,0.56,10.4,5
6.6,0.23,0.32,1.5,0.041,8,72,0.98949,3.22,0.39,12.7,6
6.1,0.25,0.28,10,0.055,56,131,0.994,3.22,0.35,10.9,6
6.2,0.2,0.25,15,0.055,8,120,0.99767,3.19,0.53,9.6,6
5.8,0.24,0.28,1.4,0.038,40,76,0.98711,3.1,0.29,13.9,7
6.2,0.2,0.25,15,0.055,8,120,0.99767,3.19,0.53,9.6,6
6.3,0.34,0.52,6.3,0.047,63,186,0.99481,3.18,0.44,9.6,5
7.4,0.16,0.3,13.7,0.056,33,168,0.99825,2.9,0.44,8.7,7
7.4,0.16,0.3,13.7,0.056,33,168,0.99825,2.9,0.44,8.7,7
6.3,0.17,0.32,1,0.04,39,118,0.98886,3.31,0.4,13.1,8
5.3,0.33,0.3,1.2,0.048,25,119,0.99045,3.32,0.62,11.3,6
7.8,0.27,0.35,1.2,0.05,36,140,0.99138,3.09,0.45,11.2,5
8.1,0.27,0.33,1.3,0.045,26,100,0.99066,2.98,0.44,12.4,6
6.3,0.3,0.48,7.4,0.053,34,149,0.99472,3.18,0.53,9.8,5
6.7,0.41,0.27,2.6,0.033,25,85,0.99086,3.05,0.34,11.7,6
5.6,0.23,0.29,3.1,0.023,19,89,0.99068,3.25,0.51,11.2,6
7.1,0.38,0.42,11.8,0.041,32,193,0.99624,3.04,0.49,10,6
6.6,0.31,0.37,6.2,0.052,13,164,0.99602,3.24,0.39,8.8,4
7,0.44,0.24,12.1,0.056,68,210,0.99718,3.05,0.5,9.5,5
6.1,0.38,0.14,3.9,0.06,27,113,0.99344,3.07,0.34,9.2,4
5.3,0.43,0.11,1.1,0.029,6,51,0.99076,3.51,0.48,11.2,4
5.4,0.22,0.35,6.5,0.029,26,87,0.99092,3.29,0.44,12.5,7
6.2,0.345,0.27,10.1,0.056,38,187,0.99486,3.31,0.56,10.6,5
5.6,0.255,0.57,10.7,0.056,66,171,0.99464,3.25,0.61,10.4,7
6.2,0.29,0.23,12.4,0.048,33,201,0.99612,3.11,0.56,9.9,6
6.3,0.26,0.25,5.2,0.046,11,133,0.99202,2.97,0.68,11,6
6.6,0.39,0.28,9.2,0.036,10,92,0.99206,3.07,0.35,12.1,6
6.4,0.27,0.29,3.9,0.034,62,140,0.99237,3.1,0.59,11.1,6
7.6,0.36,0.48,13.5,0.038,44,116,0.9982,3.04,0.48,9.2,5
5.7,0.18,0.26,2.2,0.023,21,95,0.9893,3.07,0.54,12.3,6
6,0.33,0.26,5.1,0.051,16,119,0.99416,3.15,0.41,9.2,5
5.8,0.32,0.23,1.5,0.033,39,121,0.9887,2.96,0.35,12,5
6.2,0.36,0.22,5.25,0.038,44,145,0.99184,3.22,0.4,11.2,6
7.1,0.46,0.23,13.7,0.045,44,192,0.9981,3.11,0.53,9.4,5
7.2,0.22,0.35,5.5,0.054,37,183,0.99474,3.08,0.5,10.3,5
6.9,0.22,0.32,5.8,0.041,20,119,0.99296,3.17,0.55,11.2,6
7.2,0.21,0.36,15.7,0.045,68,183,0.99922,3.25,0.76,9.4,5
6.9,0.22,0.32,5.8,0.041,20,119,0.99296,3.17,0.55,11.2,6
7,0.2,0.35,8.8,0.037,31,103,0.99388,3.13,0.49,11,6
7.2,0.34,0.23,8.9,0.105,22,155,0.99692,3.01,0.58,9.5,5
6.1,0.24,0.27,11.5,0.05,51,133,0.99476,3.22,0.37,10.8,6
7.1,0.23,0.28,1.9,0.046,33,103,0.98997,3.12,0.31,12,5
7.2,0.585,0.2,10.4,0.086,17,94,0.99681,3.13,0.4,9.4,5
6.4,0.26,0.35,7.7,0.056,45,191,0.99527,3.16,0.5,9.5,5
7.4,0.38,0.34,8.3,0.052,44,168,0.99627,3.11,0.52,9.2,5
7.3,0.19,0.27,13.9,0.057,45,155,0.99807,2.94,0.41,8.8,8
7.3,0.19,0.27,13.9,0.057,45,155,0.99807,2.94,0.41,8.8,8
6.4,0.31,0.28,2.5,0.039,34,137,0.98946,3.22,0.38,12.7,6
6.4,0.31,0.28,2.5,0.039,34,137,0.98946,3.22,0.38,12.7,6
7.2,0.34,0.2,5.8,0.062,52,203,0.99461,3.17,0.44,9.8,6
7,0.23,0.28,2.7,0.053,16,92,0.99372,3.18,0.56,9.3,5
6.4,0.3,0.27,5,0.058,27,151,0.99198,3.22,0.49,12.2,6
6.5,0.13,0.27,2.6,0.035,32,76,0.9914,3.21,0.76,11.33333333,6
6.4,0.26,0.21,8.2,0.05,51,182,0.99542,3.23,0.48,9.5,5
6.2,0.25,0.44,15.8,0.057,39,167,0.99804,3.14,0.51,9.2,5
6.3,0.2,0.26,12.7,0.046,60,143,0.99526,3.26,0.35,10.8,6
6.6,0.24,0.22,12.3,0.051,35,146,0.99676,3.1,0.67,9.4,5
7.1,0.38,0.29,13.6,0.041,30,137,0.99461,3.02,0.96,12.1,6
5.9,0.29,0.16,7.9,0.044,48,197,0.99512,3.21,0.36,9.4,5
6.3,0.19,0.32,2.8,0.046,18,80,0.99043,2.92,0.47,11.05,6
5.7,0.29,0.16,7.9,0.044,48,197,0.99512,3.21,0.36,9.4,5
7.1,0.27,0.27,10.4,0.041,26,114,0.99335,3.04,0.52,11.5,7
6.2,0.22,0.28,2.2,0.04,24,125,0.9917,3.19,0.48,10.5,6
6.6,0.38,0.28,2.8,0.043,17,67,0.98924,3.21,0.47,13.2,6
6.7,0.24,0.26,5.4,0.03,15,94,0.99045,3.15,0.38,12.7,6
6.7,0.28,0.28,4.5,0.051,14,92,0.99224,3.36,0.58,11.9,6
6.5,0.29,0.3,9.15,0.051,25,166,0.99339,3.24,0.56,11.35,6
6.3,0.39,0.22,2.8,0.048,53,173,0.99304,3.24,0.45,9.8,5
6,0.28,0.29,19.3,0.051,36,174,0.99911,3.14,0.5,9,5
6.6,0.26,0.56,15.4,0.053,32,141,0.9981,3.11,0.49,9.3,5
6.3,0.25,0.27,6.6,0.054,40,158,0.99378,3.2,0.48,10.3,5
4.7,0.145,0.29,1,0.042,35,90,0.9908,3.76,0.49,11.3,6
6.2,0.3,0.33,3.5,0.037,37,155,0.98987,3.18,0.37,12.4,6
6.8,0.31,0.25,10.5,0.043,30,165,0.9972,3.36,0.55,10.55,6
5.8,0.61,0.01,8.4,0.041,31,104,0.9909,3.26,0.72,14.05,7
6.4,0.28,0.23,6,0.051,50,162,0.994,3.15,0.52,10.2,5
6.1,0.27,0.32,1.1,0.034,24,110,0.9898,3.36,0.4,12.5,6
6.1,0.4,0.18,9,0.051,28.5,259,0.9964,3.19,0.5,8.8,5
7.1,0.28,0.26,2.8,0.039,50,118,0.9908,3.06,0.59,11.2,6
5.8,0.13,0.22,12.7,0.058,24,183,0.9956,3.32,0.42,11.7,6
6.8,0.17,0.17,5.1,0.049,26,82,0.993,3,0.38,9.8,6
6.4,0.37,0.19,3.5,0.068,18,101,0.9934,3.03,0.38,9,6
7.3,0.28,0.54,12.9,0.049,62,162.5,0.9984,3.06,0.45,9.1,6
6.4,0.24,0.27,1.5,0.04,35,105,0.98914,3.13,0.3,12.4,6
7.3,0.28,0.54,12.9,0.049,62,152,0.9984,3.06,0.45,9.1,6
7.1,0.09,0.3,6.2,0.032,24,134,0.993,2.99,0.39,10.9,6
5.8,0.28,0.3,3.9,0.026,36,105,0.98963,3.26,0.58,12.75,6
5.8,0.28,0.3,3.9,0.026,36,105,0.98963,3.26,0.58,12.75,6
6.4,0.55,0.26,9.6,0.027,20,104,0.9924,3.22,0.73,13.1,6
6.1,0.37,0.46,12,0.042,61,210,0.997,3.17,0.59,9.7,6
6.9,0.22,0.32,9.3,0.04,22,110,0.9958,3.34,0.54,10.7,7
8.6,0.36,0.26,11.1,0.03,43.5,171,0.9948,3.03,0.49,12,5
5.7,0.22,0.28,1.3,0.027,26,101,0.98948,3.35,0.38,12.5,7
6,0.27,0.26,1.3,0.038,32,138,0.99125,3.46,0.43,11.1,6
8.3,0.22,0.34,1.1,0.043,20,116,0.9927,3,0.47,10.2,6
6.5,0.29,0.32,3,0.036,38,93,0.9906,3.16,0.59,12,6
6.6,0.28,0.3,12.9,0.033,31,177,0.99479,3.12,0.39,11.2,6
6.2,0.36,0.27,3.2,0.032,13,73,0.98942,2.9,0.69,12.6,7
5.8,0.34,0.21,7.2,0.041,48,146,0.99441,3.16,0.49,9.8,5
7.3,0.28,0.37,1.2,0.039,26,99,0.99198,3.01,0.62,10.8,5
6.4,0.62,0.12,4.7,0.06,33,196,0.99556,3.22,0.48,8.9,5
5.6,0.24,0.34,2,0.041,14,73,0.98981,3.04,0.45,11.6,7
6.9,0.54,0.26,12.7,0.049,59,195,0.99596,3.26,0.54,10.5,6
6,0.17,0.33,6,0.036,30,111,0.99362,3.32,0.58,10.13333333,7
7.3,0.17,0.36,8.2,0.028,44,111,0.99272,3.14,0.41,12.4,6
6.8,0.63,0.04,1.3,0.058,25,133,0.99271,3.17,0.39,10.2,4
6.9,0.19,0.31,19.25,0.043,38,167,0.99954,2.93,0.52,9.1,7
6.1,0.15,0.4,1.2,0.03,19,84,0.98926,3.19,0.96,13,6
6.7,0.35,0.32,9,0.032,29,113,0.99188,3.13,0.65,12.9,7
5.7,0.27,0.16,9,0.053,32,111,0.99474,3.36,0.37,10.4,6
7.2,0.33,0.28,1.4,0.034,26,109,0.99246,3.28,0.57,10.6,6
5.7,0.27,0.16,9,0.053,32,111,0.99474,3.36,0.37,10.4,6
6.7,0.15,0.32,7.9,0.034,17,81,0.99512,3.29,0.31,10,6
7.2,0.21,0.31,10.5,0.035,36,122,0.99478,3.12,0.4,10.6,6
7.9,0.3,0.6,1.85,0.048,13,106,0.99331,3.24,0.49,11.85,5
5.3,0.31,0.38,10.5,0.031,53,140,0.99321,3.34,0.46,11.7,6
6,0.14,0.37,1.2,0.032,63,148,0.99185,3.32,0.44,11.2,5
6.6,0.29,0.73,2.2,0.027,21,92,0.99,3.12,0.48,12.4,6
6.2,0.15,0.27,11,0.035,46,116,0.99602,3.12,0.38,9.1,6
5.3,0.4,0.25,3.9,0.031,45,130,0.99072,3.31,0.58,11.75,7
5.2,0.3,0.34,1.5,0.038,18,96,0.98942,3.56,0.48,13,8
6.6,0.19,0.25,1.2,0.052,34,181,0.99352,3.3,0.42,9.4,7
6.8,0.27,0.3,13,0.047,69,160,0.99705,3.16,0.5,9.6,6
6.8,0.27,0.3,13,0.047,69,160,0.99705,3.16,0.5,9.6,6
5.6,0.3,0.1,6.4,0.043,34,142,0.99382,3.14,0.48,9.8,5
6.2,0.3,0.42,2.2,0.036,28,128,0.9901,3.13,0.38,11.6,6
4.7,0.785,0,3.4,0.036,23,134,0.98981,3.53,0.92,13.8,6
6,0.31,0.32,7.4,0.175,47,159,0.9952,3.19,0.5,9.4,6
6.4,0.31,0.5,5.8,0.038,42,111,0.99189,3.18,0.53,11.9,7
5.1,0.26,0.34,6.4,0.034,26,99,0.99449,3.23,0.41,9.2,6
5.7,0.4,0.35,5.1,0.026,17,113,0.99052,3.18,0.67,12.4,6
5.8,0.36,0.5,1,0.127,63,178,0.99212,3.1,0.45,9.7,5
7,0.24,0.47,1.3,0.043,18,131,0.99176,3.19,0.45,11,6
6,0.34,0.29,6.1,0.046,29,134,0.99462,3.48,0.57,10.7,6
5.8,0.38,0.26,1.1,0.058,20,140,0.99271,3.27,0.43,9.7,6
5.9,0.32,0.26,1.5,0.057,17,141,0.9917,3.24,0.36,10.7,5
5.6,0.295,0.26,1.1,0.035,40,102,0.99154,3.47,0.56,10.6,6
5.2,0.405,0.15,1.45,0.038,10,44,0.99125,3.52,0.4,11.6,4
6.8,0.34,0.36,8.9,0.029,44,128,0.99318,3.28,0.35,11.95,7
4.8,0.29,0.23,1.1,0.044,38,180,0.98924,3.28,0.34,11.9,6
6.2,0.23,0.38,1.6,0.044,12,113,0.99176,3.3,0.73,11.4,5
5.2,0.25,0.23,1.4,0.047,20,77,0.99001,3.32,0.62,11.4,5
6.2,0.35,0.29,3.9,0.041,22,79,0.99005,3.1,0.59,12.06666667,6
7.1,0.23,0.39,13.7,0.058,26,172,0.99755,2.9,0.46,9,6
5.7,0.41,0.21,1.9,0.048,30,112,0.99138,3.29,0.55,11.2,6
5.8,0.23,0.31,4.5,0.046,42,124,0.99324,3.31,0.64,10.8,6
6.1,0.32,0.28,6.6,0.021,29,132,0.99188,3.15,0.36,11.45,7
5.7,0.21,0.32,0.9,0.038,38,121,0.99074,3.24,0.46,10.6,6
5.5,0.29,0.3,1.1,0.022,20,110,0.98869,3.34,0.38,12.8,7
